,Model,Make,Years
0,A-Class,Mercedes-Benz,"2022, 2021, 2020, 2019"
1,A3,Audi,"2022, 2020, 2019, 2018, 2017, 2016, 2015, 2013, 2012, 2011, 2010, 2009, 2008, 2007, 2006"
2,A3 Sportback e-tron,Audi,"2018, 2017, 2016"
3,A4,Audi,"2022, 2021, 2020, 2019, 2018, 2017, 2016, 2015, 2014, 2013, 2012, 2011, 2010, 2009, 2008, 2007, 2006, 2005, 2004, 2003, 2002, 2001, 2000, 1999, 1998, 1997, 1996"
4,A4 (2005.5),Audi,2005
5,A4 allroad,Audi,"2022, 2021, 2020, 2019, 2018, 2017"
6,A5,Audi,"2022, 2021, 2020, 2019, 2018, 2016, 2015, 2014, 2013, 2012, 2011, 2010, 2009, 2008"
7,A5 Sport,Audi,2017
8,A6,Audi,"2022, 2021, 2020, 2019, 2018, 2017, 2016, 2015, 2014, 2013, 2012, 2011, 2010, 2009, 2008, 2007, 2006, 2005, 2004, 2003, 2002, 2001, 2000, 1999, 1998, 1997, 1996, 1995"
9,A6 allroad,Audi,"2022, 2021, 2020"
10,A7,Audi,"2022, 2021, 2020, 2019, 2018, 2017, 2016, 2015, 2014, 2013, 2012"
11,A8,Audi,"2023, 2022, 2021, 2020, 2019, 2018, 2017, 2016, 2015, 2014, 2013, 2012, 2011, 2010, 2009, 2008, 2007, 2006, 2005, 2004, 2003, 2002, 2001, 2000, 1999, 1998, 1997"
12,Acadia,GMC,"2023, 2022, 2021, 2020, 2019, 2018, 2017, 2016, 2015, 2014, 2013, 2012, 2011, 2010, 2009, 2008, 2007"
13,Acadia Limited,GMC,2017
14,Accent,Hyundai,"2022, 2021, 2020, 2019, 2018, 2017, 2016, 2015, 2014, 2013, 2012, 2011, 2010, 2009, 2008, 2007, 2006, 2005, 2004, 2003, 2002, 2001, 2000, 1999, 1998, 1997, 1996, 1995"
15,Acclaim,Plymouth,"1995, 1994, 1993, 1992"
16,Accord,Honda,"2022, 2021, 2020, 2019, 2018, 2017, 2016, 2015, 2014, 2013, 2012, 2011, 2010, 2009, 2008, 2007, 2006, 2005, 2004, 2003, 2002, 2001, 2000, 1999, 1998, 1997, 1996, 1995, 1994, 1993, 1992"
17,Accord Crosstour,Honda,"2011, 2010"
18,Accord Hybrid,Honda,"2022, 2021, 2020, 2019, 2018, 2017, 2015, 2014"
19,Achieva,Oldsmobile,"1998, 1997, 1996, 1995, 1994, 1993, 1992"
20,Aerio,Suzuki,"2007, 2006, 2005, 2004, 2003, 2002"
21,Aerostar Cargo,Ford,"1997, 1996, 1995, 1994, 1993, 1992"
22,Aerostar Passenger,Ford,"1997, 1996, 1995, 1994, 1993, 1992"
23,Air,Lucid,2022
24,Alero,Oldsmobile,"2004, 2003, 2002, 2001, 2000, 1999"
25,Allante,Cadillac,"1993, 1992"
26,allroad,Audi,"2016, 2015, 2014, 2013, 2005, 2004, 2003, 2002, 2001"
27,Alpina B7,BMW,"2008, 2007"
28,Altima,Nissan,"2022, 2021, 2020, 2019, 2018, 2017, 2016, 2015, 2014, 2013, 2012, 2011, 2010, 2009, 2008, 2007, 2006, 2005, 2004, 2003, 2002, 2001, 2000, 1999, 1998, 1997, 1996, 1995, 1994, 1993"
29,Amanti,Kia,"2009, 2008, 2007, 2006, 2005, 2004"
30,Amigo,Isuzu,"2000, 1999, 1998, 1994, 1993, 1992"
31,APV Cargo,Chevrolet,"1993, 1992"
32,Armada,Nissan,"2022, 2021, 2020, 2019, 2018, 2017, 2015, 2014, 2013, 2012, 2011, 2010, 2009, 2008, 2007, 2006, 2005"
33,Arnage,Bentley,"2009, 2008, 2007, 2006, 2005"
34,Arteon,Volkswagen,"2022, 2021, 2020, 2019"
35,Ascender,Isuzu,"2008, 2007, 2006, 2005, 2004, 2003"
36,Ascent,Subaru,"2022, 2021, 2020, 2019"
37,Aspen,Chrysler,"2009, 2008, 2007"
38,Aspire,Ford,"1997, 1996, 1995, 1994"
39,Astra,Saturn,2008
40,Astro Cargo,Chevrolet,"2005, 2004, 2003, 2002, 2001, 2000, 1999, 1998, 1997, 1996, 1995, 1994, 1993, 1992"
41,Astro Passenger,Chevrolet,"2005, 2004, 2003, 2002, 2001, 2000, 1999, 1998, 1997, 1996, 1995, 1994, 1993, 1992"
42,Atlas,Volkswagen,"2022, 2021, 2020, 2019, 2018"
43,Atlas Cross Sport,Volkswagen,"2022, 2021, 2020"
44,ATS,Cadillac,"2019, 2018, 2017, 2016, 2015, 2014, 2013"
45,ATS-V,Cadillac,"2019, 2018, 2017, 2016"
46,Aura,Saturn,"2009, 2008, 2007"
47,Aurora,Oldsmobile,"2003, 2002, 2001, 1999, 1998, 1997, 1996, 1995"
48,Avalanche,Chevrolet,"2013, 2012, 2011, 2010, 2009, 2008, 2007"
49,Avalanche 1500,Chevrolet,"2006, 2005, 2004, 2003, 2002"
50,Avalanche 2500,Chevrolet,"2006, 2005, 2004, 2003, 2002"
51,Avalon,Toyota,"2022, 2021, 2020, 2019, 2018, 2017, 2016, 2015, 2014, 2013, 2012, 2011, 2010, 2009, 2008, 2007, 2006, 2005, 2004, 2003, 2002, 2001, 2000, 1999, 1998, 1997, 1996, 1995"
52,Avalon Hybrid,Toyota,"2022, 2021, 2020, 2019, 2018, 2017"
53,Avenger,Dodge,"2014, 2013, 2012, 2011, 2010, 2009, 2008, 2000, 1999, 1998, 1997, 1996, 1995"
54,Aventador,Lamborghini,"2022, 2021, 2020, 2019, 2018, 2017, 2016, 2015, 2014, 2013, 2012"
55,Aveo,Chevrolet,"2011, 2010, 2009, 2008, 2007, 2006, 2005, 2004"
56,Aviator,Lincoln,"2022, 2021, 2020, 2005, 2004, 2003"
57,Axiom,Isuzu,"2004, 2003, 2002"
58,Azera,Hyundai,"2017, 2016, 2015, 2014, 2013, 2012, 2011, 2010, 2009, 2008, 2007, 2006"
59,Aztek,Pontiac,"2005, 2004, 2003, 2002, 2001"
60,Azure,Bentley,"2009, 2008, 2007"
61,Azure T,Bentley,2010
62,B-Class,Mercedes-Benz,"2017, 2016, 2015, 2014"
63,B-Series Cab Plus,MAZDA,"2004, 2003, 2002, 2001, 2000, 1999, 1998, 1997, 1996, 1995, 1994, 1993, 1992"
64,B-Series Extended Cab,MAZDA,"2009, 2008, 2007, 2006, 2005"
65,B-Series Regular Cab,MAZDA,"2009, 2008, 2007, 2006, 2005, 2004, 2003, 2002, 2001, 2000, 1999, 1998, 1997, 1996, 1995, 1994, 1993, 1992"
66,B9 Tribeca,Subaru,"2007, 2006"
67,Baja,Subaru,"2006, 2005, 2004, 2003"
68,Beetle,Volkswagen,"2019, 2018, 2017, 2016, 2015, 2014, 2013, 2012"
69,Bentayga,Bentley,"2022, 2021, 2020, 2019, 2018, 2017"
70,Beretta,Chevrolet,"1996, 1995, 1994, 1993, 1992"
71,Blackwood,Lincoln,2002
72,Blazer,Chevrolet,"2022, 2021, 2020, 2019, 2005, 2004, 2003, 2002, 2001, 2000, 1999, 1998, 1997, 1996, 1995, 1994, 1993, 1992"
73,Bolt EUV,Chevrolet,2022
74,Bolt EV,Chevrolet,"2022, 2021, 2020, 2019, 2018, 2017"
75,Bonneville,Pontiac,"2005, 2004, 2003, 2002, 2001, 2000, 1999, 1998, 1997, 1996, 1995, 1994, 1993, 1992"
76,Borrego,Kia,2009
77,Boxster,Porsche,"2016, 2015, 2014, 2013, 2012, 2011, 2010, 2009, 2008, 2007, 2006, 2005, 2004, 2003, 2002, 2001, 2000, 1999, 1998, 1997"
78,Bravada,Oldsmobile,"2004, 2003, 2002, 2001, 2000, 1999, 1998, 1997, 1996, 1994, 1993, 1992"
79,Breeze,Plymouth,"2000, 1999, 1998, 1997, 1996"
80,Bronco,Ford,"2022, 2021, 1996, 1995, 1994, 1993, 1992"
81,Bronco Sport,Ford,"2022, 2021"
82,Brooklands,Bentley,"2010, 2009"
83,Brougham,Cadillac,1992
84,BRZ,Subaru,"2022, 2020, 2019, 2018, 2017, 2016, 2015, 2014, 2013"
85,C-Class,Mercedes-Benz,"2022, 2021, 2020, 2019, 2018, 2017, 2016, 2015, 2014, 2013, 2012, 2011, 2010, 2009, 2008, 2007, 2006, 2005, 2004, 2003, 2002, 2001, 2000, 1999, 1998, 1997, 1996, 1995, 1994"
86,C-HR,Toyota,"2022, 2021, 2020, 2019, 2018"
87,C-MAX Energi,Ford,"2017, 2016, 2015, 2014, 2013"
88,C-MAX Hybrid,Ford,"2018, 2017, 2016, 2015, 2014, 2013"
89,C/V,Ram,2012
90,C/V Tradesman,Ram,"2015, 2014, 2013"
91,C30,Volvo,"2013, 2012, 2011, 2010, 2009, 2008"
92,C40 Recharge,Volvo,2022
93,C70,Volvo,"2013, 2012, 2011, 2010, 2009, 2008, 2007, 2006, 2004, 2003, 2002, 2001, 2000, 1999, 1998"
94,Cabrio,Volkswagen,"2002, 2001, 2000, 1999, 1998, 1997, 1996, 1995"
95,Cabrio (New),Volkswagen,1999
96,Cabriolet,Audi,"1998, 1997, 1996, 1995, 1994"
97,Cabriolet,Volkswagen,"1993, 1992"
98,Cadenza,Kia,"2020, 2019, 2018, 2017, 2016, 2015, 2014"
99,Caliber,Dodge,"2012, 2011, 2010, 2009, 2008, 2007"
100,California,Ferrari,"2018, 2017, 2016, 2015, 2014, 2013, 2012, 2011, 2010, 2009"
101,Camaro,Chevrolet,"2023, 2022, 2021, 2020, 2019, 2018, 2017, 2016, 2015, 2014, 2013, 2012, 2011, 2010, 2002, 2001, 2000, 1999, 1998, 1997, 1996, 1995, 1994, 1993, 1992"
102,Camry,Toyota,"2023, 2022, 2021, 2020, 2019, 2018, 2017, 2016, 2015, 2014, 2013, 2012, 2011, 2010, 2009, 2008, 2007, 2006, 2005, 2004, 2003, 2002, 2001, 2000, 1999, 1998, 1997, 1996, 1995, 1994, 1993, 1992"
103,Camry Hybrid,Toyota,"2022, 2021, 2020, 2019, 2018, 2017"
104,Canyon Crew Cab,GMC,"2022, 2021, 2020, 2019, 2018, 2017, 2016, 2015, 2012, 2011, 2010, 2009, 2008, 2007, 2006, 2005, 2004"
105,Canyon Extended Cab,GMC,"2022, 2021, 2020, 2019, 2018, 2017, 2016, 2015, 2012, 2011, 2010, 2009, 2008, 2007, 2006, 2005, 2004"
106,Canyon Regular Cab,GMC,"2012, 2011, 2010, 2009, 2008, 2007, 2006, 2005, 2004"
107,Capri,Mercury,"1994, 1993, 1992"
108,Caprice,Chevrolet,1992
109,Caprice Classic,Chevrolet,"1996, 1995, 1994, 1993"
110,Captiva Sport,Chevrolet,"2015, 2014, 2013, 2012"
111,Caravan Cargo,Dodge,"2007, 2006, 2005, 2004, 2003, 1995, 1994, 1993, 1992"
112,Caravan Passenger,Dodge,"2007, 2006, 2005, 2004, 2003, 2002, 2001, 2000, 1999, 1998, 1997, 1996, 1995, 1994, 1993, 1992"
113,Carnival,Kia,"2023, 2022"
114,Carrera GT,Porsche,"2005, 2004"
115,Cascada,Buick,"2019, 2018, 2017, 2016"
116,Catera,Cadillac,"2001, 2000, 1999, 1998, 1997"
117,Cavalier,Chevrolet,"2005, 2004, 2003, 2002, 2001, 2000, 1999, 1998, 1997, 1996, 1995, 1994, 1993, 1992"
118,Cayenne,Porsche,"2022, 2021, 2020, 2019, 2018, 2017, 2016, 2015, 2014, 2013, 2012, 2011, 2010, 2009, 2008, 2006, 2005, 2004, 2003"
119,Cayenne Coupe,Porsche,"2022, 2021, 2020"
120,Cayman,Porsche,"2016, 2015, 2014, 2012, 2011, 2010, 2009, 2008, 2007, 2006"
121,CC,Volkswagen,"2017, 2016, 2015, 2014, 2013, 2012, 2011, 2010, 2009"
122,Celica,Toyota,"2005, 2004, 2003, 2002, 2001, 2000, 1999, 1998, 1997, 1996, 1995, 1994, 1993, 1992"
123,Century,Buick,"2005, 2004, 2003, 2002, 2001, 2000, 1999, 1998, 1997, 1996, 1995, 1994, 1993, 1992"
124,Challenger,Dodge,"2023, 2022, 2021, 2020, 2019, 2018, 2017, 2016, 2015, 2014, 2013, 2012, 2011, 2010, 2009, 2008"
125,Charade,Daihatsu,1992
126,Charger,Dodge,"2022, 2021, 2020, 2019, 2018, 2017, 2016, 2015, 2014, 2013, 2012, 2011, 2010, 2009, 2008, 2007, 2006"
127,Cherokee,Jeep,"2022, 2021, 2020, 2019, 2018, 2017, 2016, 2015, 2014, 2001, 2000, 1999, 1998, 1997, 1996, 1995, 1994, 1993, 1992"
128,Ciera,Oldsmobile,1996
129,Cirrus,Chrysler,"2000, 1999, 1998, 1997, 1996, 1995"
130,City Express,Chevrolet,"2018, 2017, 2016, 2015"
131,Civic,Honda,"2022, 2021, 2020, 2019, 2018, 2017, 2016, 2015, 2014, 2013, 2012, 2011, 2010, 2009, 2008, 2007, 2006, 2005, 2004, 2003, 2002, 2001, 2000, 1999, 1998, 1997, 1996, 1995, 1994, 1993, 1992"
132,Civic Type R,Honda,"2021, 2020, 2019, 2018, 2017"
133,CL,Acura,"2003, 2002, 2001, 1999, 1998, 1997"
134,CL-Class,Mercedes-Benz,"2014, 2013, 2012, 2011, 2010, 2009, 2008, 2007, 2006, 2005, 2004, 2003, 2002, 2001, 2000, 1999, 1998"
135,CLA,Mercedes-Benz,"2022, 2021, 2020, 2019, 2018, 2017, 2016"
136,CLA-Class,Mercedes-Benz,"2015, 2014"
137,Clarity Plug-in Hybrid,Honda,"2021, 2020, 2019, 2018"
138,Classic,Chevrolet,"2005, 2004"
139,CLK-Class,Mercedes-Benz,"2009, 2008, 2007, 2006, 2005, 2004, 2003, 2002, 2001, 2000, 1999, 1998"
140,CLS,Mercedes-Benz,"2022, 2021, 2020, 2019, 2018, 2017"
141,CLS-Class,Mercedes-Benz,"2016, 2015, 2014, 2013, 2012, 2011, 2010, 2009, 2008, 2007, 2006"
142,Club Wagon,Ford,"1998, 1997, 1996, 1995, 1994, 1993, 1992"
143,Clubman,MINI,"2023, 2022, 2021, 2020, 2019, 2018, 2017, 2016, 2014, 2013, 2012, 2011, 2010, 2009, 2008"
144,Cobalt,Chevrolet,"2010, 2009, 2008, 2007, 2006, 2005"
145,Colorado Crew Cab,Chevrolet,"2022, 2021, 2020, 2019, 2018, 2017, 2016, 2015, 2012, 2011, 2010, 2009, 2008, 2007, 2006, 2005, 2004"
146,Colorado Extended Cab,Chevrolet,"2022, 2021, 2020, 2019, 2018, 2017, 2016, 2015, 2012, 2011, 2010, 2009, 2008, 2007, 2006, 2005, 2004"
147,Colorado Regular Cab,Chevrolet,"2012, 2011, 2010, 2009, 2008, 2007, 2006, 2005, 2004"
148,Colt,Dodge,"1994, 1993, 1992"
149,Colt,Plymouth,"1994, 1993, 1992"
150,Colt Vista,Plymouth,"1994, 1993, 1992"
151,Comanche Regular Cab,Jeep,1992
152,Commander,Jeep,"2010, 2009, 2008, 2007, 2006"
153,Compass,Jeep,"2022, 2021, 2020, 2019, 2018, 2017, 2016, 2015, 2014, 2013, 2012, 2011, 2010, 2009, 2008, 2007"
154,Concorde,Chrysler,"2004, 2003, 2002, 2001, 2000, 1999, 1998, 1997, 1996, 1995, 1994, 1993"
155,Continental,Bentley,"2018, 2017, 2016, 2015, 2014, 2013, 2012, 2011, 2010, 2009, 2008, 2007, 2006, 2005"
156,Continental,Lincoln,"2020, 2019, 2018, 2017, 2002, 2001, 2000, 1999, 1998, 1997, 1996, 1995, 1994, 1993, 1992"
157,Continental GT,Bentley,"2022, 2021, 2020"
158,Contour,Ford,"2000, 1999, 1998, 1997, 1996, 1995"
159,Convertible,MINI,"2023, 2022, 2021, 2020, 2019, 2018, 2017, 2016, 2015, 2014, 2013, 2012, 2011, 2010, 2009, 2008, 2007, 2006, 2005"
160,Cooper,MINI,"2008, 2007, 2006, 2005, 2004, 2003, 2002"
161,Corolla,Toyota,"2022, 2021, 2020, 2019, 2018, 2017, 2016, 2015, 2014, 2013, 2012, 2011, 2010, 2009, 2008, 2007, 2006, 2005, 2004, 2003, 2002, 2001, 2000, 1999, 1998, 1997, 1996, 1995, 1994, 1993, 1992"
162,Corolla Cross,Toyota,2022
163,Corolla Hatchback,Toyota,"2022, 2021, 2020, 2019"
164,Corolla Hybrid,Toyota,"2022, 2021, 2020"
165,Corolla iM,Toyota,"2018, 2017"
166,Corrado,Volkswagen,"1994, 1993, 1992"
167,Corsair,Lincoln,"2022, 2021, 2020"
168,Corsica,Chevrolet,"1996, 1995, 1994, 1993, 1992"
169,Corvette,Chevrolet,"2023, 2022, 2021, 2020, 2019, 2018, 2017, 2016, 2015, 2014, 2013, 2012, 2011, 2010, 2009, 2008, 2007, 2006, 2005, 2004, 2003, 2002, 2001, 2000, 1999, 1998, 1997, 1996, 1995, 1994, 1993, 1992"
170,Cougar,Mercury,"2002, 2001, 2000, 1999, 1997, 1996, 1995, 1994, 1993, 1992"
171,Countryman,MINI,"2023, 2022, 2021, 2020, 2019, 2018, 2017, 2016, 2015, 2014, 2013, 2012, 2011"
172,Coupe,Maserati,"2006, 2005"
173,Coupe,MINI,"2015, 2014, 2013, 2012"
174,CR-V,Honda,"2022, 2021, 2020, 2019, 2018, 2017, 2016, 2015, 2014, 2013, 2012, 2011, 2010, 2009, 2008, 2007, 2006, 2005, 2004, 2003, 2002, 2001, 2000, 1999, 1998, 1997"
175,CR-V Hybrid,Honda,"2022, 2021, 2020"
176,CR-Z,Honda,"2016, 2015, 2014, 2013, 2012, 2011"
177,Cressida,Toyota,1992
178,Crossfire,Chrysler,"2008, 2007, 2006, 2005, 2004"
179,Crosstour,Honda,"2015, 2014, 2013, 2012"
180,Crosstrek,Subaru,"2022, 2021, 2020, 2019, 2018, 2017, 2016"
181,Crown Victoria,Ford,"2011, 2010, 2009, 2008, 2007, 2006, 2005, 2004, 2003, 2002, 2001, 2000, 1999, 1998, 1997, 1996, 1995, 1994, 1993, 1992"
182,Cruze,Chevrolet,"2019, 2018, 2017, 2016, 2015, 2014, 2013, 2012, 2011"
183,Cruze Limited,Chevrolet,2016
184,CT,Lexus,"2017, 2016, 2015, 2014, 2013, 2012, 2011"
185,CT4,Cadillac,"2022, 2021, 2020"
186,CT5,Cadillac,"2022, 2021, 2020"
187,CT6,Cadillac,"2020, 2019, 2018, 2017, 2016"
188,CT6-V,Cadillac,"2020, 2019"
189,CTS,Cadillac,"2019, 2018, 2017, 2016, 2015, 2014, 2013, 2012, 2011, 2010, 2009, 2008, 2007, 2006, 2005, 2004, 2003"
190,CTS-V,Cadillac,"2019, 2018, 2017, 2016"
191,cube,Nissan,"2014, 2013, 2012, 2011, 2010, 2009"
192,Cullinan,Rolls-Royce,"2022, 2021, 2020, 2019"
193,Custom Cruiser,Oldsmobile,1992
194,Cutlass,Oldsmobile,"1999, 1998, 1997"
195,Cutlass Ciera,Oldsmobile,"1995, 1994, 1993, 1992"
196,Cutlass Cruiser,Oldsmobile,"1994, 1993"
197,Cutlass Supreme,Oldsmobile,"1997, 1996, 1995, 1994, 1993, 1992"
198,CX-3,MAZDA,"2021, 2020, 2019, 2018, 2017, 2016"
199,CX-30,MAZDA,"2022, 2021, 2020"
200,CX-5,MAZDA,"2022, 2021, 2020, 2019, 2018, 2017, 2016, 2015, 2014, 2013"
201,CX-7,MAZDA,"2012, 2011, 2010, 2009, 2008, 2007"
202,CX-9,MAZDA,"2022, 2021, 2020, 2019, 2018, 2017, 2016, 2015, 2014, 2013, 2012, 2011, 2010, 2009, 2008, 2007"
203,D150 Club Cab,Dodge,"1993, 1992"
204,D150 Regular Cab,Dodge,"1993, 1992"
205,D250 Club Cab,Dodge,"1993, 1992"
206,D250 Regular Cab,Dodge,"1993, 1992"
207,D350 Club Cab,Dodge,"1993, 1992"
208,D350 Regular Cab,Dodge,"1993, 1992"
209,Dakota Club Cab,Dodge,"2007, 2006, 2005, 2004, 2003, 2002, 2001, 2000, 1999, 1998, 1997, 1996, 1995, 1994, 1993, 1992"
210,Dakota Crew Cab,Dodge,"2010, 2009, 2008"
211,Dakota Crew Cab,Ram,2011
212,Dakota Extended Cab,Dodge,"2010, 2009, 2008"
213,Dakota Extended Cab,Ram,2011
214,Dakota Quad Cab,Dodge,"2007, 2006, 2005, 2004, 2003, 2002, 2001, 2000"
215,Dakota Regular Cab,Dodge,"2004, 2003, 2002, 2001, 2000, 1999, 1998, 1997, 1996, 1995, 1994, 1993, 1992"
216,Dart,Dodge,"2016, 2015, 2014, 2013"
217,Dawn,Rolls-Royce,"2021, 2020, 2019, 2018, 2017, 2016"
218,Daytona,Dodge,"1993, 1992"
219,DB11,Aston Martin,"2022, 2021, 2020, 2019, 2018, 2017"
220,DB9,Aston Martin,"2015, 2014, 2013, 2012, 2011, 2010, 2009, 2008, 2007, 2006, 2005"
221,DB9 GT,Aston Martin,2016
222,DBS,Aston Martin,"2022, 2012, 2011, 2010, 2009, 2008"
223,DBS Superleggera,Aston Martin,"2021, 2020, 2019"
224,DBX,Aston Martin,"2022, 2021"
225,Defender 110,Land Rover,"2022, 2021, 2020, 1993"
226,Defender 90,Land Rover,"2022, 2021, 2020, 1997, 1995, 1994"
227,del Sol,Honda,"1997, 1996, 1995, 1994, 1993"
228,DeVille,Cadillac,"2005, 2004, 2003, 2002, 2001, 2000, 1999, 1998, 1997, 1996, 1995, 1994, 1993, 1992"
229,Diamante,Mitsubishi,"2004, 2003, 2002, 2001, 2000, 1999, 1998, 1997, 1996, 1995, 1994, 1993, 1992"
230,Discovery,Land Rover,"2022, 2021, 2020, 2019, 2018, 2017, 2004, 2003, 1999, 1998, 1997, 1996, 1995, 1994"
231,Discovery Series II,Land Rover,"2002, 2001, 2000, 1999"
232,Discovery Sport,Land Rover,"2022, 2021, 2020, 2019, 2018, 2017, 2016, 2015"
233,DTS,Cadillac,"2011, 2010, 2009, 2008, 2007, 2006"
234,Durango,Dodge,"2022, 2021, 2020, 2019, 2018, 2017, 2016, 2015, 2014, 2013, 2012, 2011, 2009, 2008, 2007, 2006, 2005, 2004, 2003, 2002, 2001, 2000, 1999, 1998"
235,Dynasty,Dodge,"1993, 1992"
236,E-Class,Mercedes-Benz,"2022, 2021, 2020, 2019, 2018, 2017, 2016, 2015, 2014, 2013, 2012, 2011, 2010, 2009, 2008, 2007, 2006, 2005, 2004, 2003, 2002, 2001, 2000, 1999, 1998, 1997, 1996, 1995, 1994"
237,e-Golf,Volkswagen,"2019, 2018, 2017, 2016, 2015"
238,E-PACE,Jaguar,"2022, 2021, 2020, 2019, 2018"
239,E-Transit 350 Cargo Van,Ford,"2023, 2022"
240,e-tron,Audi,"2022, 2021, 2019"
241,e-tron GT,Audi,"2023, 2022"
242,e-tron S,Audi,2022
243,e-tron S Sportback,Audi,2022
244,e-tron Sportback,Audi,"2022, 2021, 2020"
245,E150 Cargo,Ford,"2014, 2013, 2012, 2011, 2010, 2009, 2008"
246,E150 Passenger,Ford,"2014, 2013, 2012, 2011, 2004, 2003"
247,E150 Super Duty Cargo,Ford,"2007, 2006, 2005, 2004, 2003"
248,E150 Super Duty Passenger,Ford,"2010, 2009, 2008, 2007, 2006, 2005"
249,E250 Cargo,Ford,"2014, 2013, 2012, 2011, 2010, 2009, 2008"
250,E250 Super Duty Cargo,Ford,"2007, 2006, 2005, 2004, 2003"
251,E350 Super Duty Cargo,Ford,"2014, 2013, 2012, 2011, 2010, 2009, 2008, 2007, 2006, 2005, 2004, 2003"
252,E350 Super Duty Passenger,Ford,"2014, 2013, 2012, 2011, 2010, 2009, 2008, 2007, 2006, 2005, 2004, 2003"
253,Echo,Toyota,"2005, 2004, 2003, 2002, 2001, 2000"
254,Eclipse,Mitsubishi,"2012, 2011, 2010, 2009, 2008, 2007, 2006, 2005, 2004, 2003, 2002, 2001, 2000, 1999, 1998, 1997, 1996, 1995, 1994, 1993, 1992"
255,Eclipse Cross,Mitsubishi,"2022, 2020, 2019, 2018"
256,Econoline E150 Cargo,Ford,"2002, 2001, 2000, 1999, 1998, 1997, 1996, 1995, 1994, 1993, 1992"
257,Econoline E150 Passenger,Ford,"2002, 2001, 2000, 1999"
258,Econoline E250 Cargo,Ford,"2002, 2001, 2000, 1999, 1998, 1997, 1996, 1995, 1994, 1993, 1992"
259,Econoline E350 Cargo,Ford,"1999, 1998, 1997, 1996, 1995, 1994, 1993, 1992"
260,Econoline E350 Super Duty Cargo,Ford,"2002, 2001, 2000, 1999"
261,Econoline E350 Super Duty Passenger,Ford,"2002, 2001, 2000, 1999"
262,EcoSport,Ford,"2022, 2021, 2020, 2019, 2018"
263,Edge,Ford,"2022, 2021, 2020, 2019, 2018, 2017, 2016, 2015, 2014, 2013, 2012, 2011, 2010, 2009, 2008, 2007"
264,Elantra,Hyundai,"2022, 2021, 2020, 2019, 2018, 2017, 2016, 2015, 2014, 2013, 2012, 2011, 2010, 2009, 2008, 2007, 2006, 2005, 2004, 2003, 2002, 2001, 2000, 1999, 1998, 1997, 1996, 1995, 1994, 1993, 1992"
265,Elantra GT,Hyundai,"2020, 2019, 2018, 2017, 2016, 2015"
266,Elantra N,Hyundai,2022
267,Eldorado,Cadillac,"2002, 2001, 2000, 1999, 1998, 1997, 1996, 1995, 1994, 1993, 1992"
268,Element,Honda,"2011, 2010, 2009, 2008, 2007, 2006, 2005, 2004, 2003"
269,Elise,Lotus,"2011, 2010, 2009, 2008, 2007, 2006, 2005"
270,ELR,Cadillac,"2016, 2014"
271,Enclave,Buick,"2023, 2022, 2021, 2020, 2019, 2018, 2017, 2016, 2015, 2014, 2013, 2012, 2011, 2010, 2009, 2008"
272,Encore,Buick,"2022, 2021, 2020, 2019, 2018, 2017, 2016, 2015, 2014, 2013"
273,Encore GX,Buick,"2022, 2021, 2020"
274,Endeavor,Mitsubishi,"2011, 2010, 2008, 2007, 2006, 2005, 2004"
275,Entourage,Hyundai,"2008, 2007"
276,Envision,Buick,"2022, 2021, 2020, 2019, 2018, 2017, 2016"
277,Envoy,GMC,"2009, 2008, 2007, 2006, 2005, 2004, 2003, 2002, 2000, 1999, 1998"
278,Envoy XL,GMC,"2006, 2005, 2004, 2003, 2002"
279,Envoy XUV,GMC,"2005, 2004"
280,Eos,Volkswagen,"2016, 2015, 2014, 2013, 2012, 2011, 2010, 2009, 2008, 2007"
281,Equator Crew Cab,Suzuki,"2012, 2011, 2010, 2009"
282,Equator Extended Cab,Suzuki,"2012, 2011, 2010, 2009"
283,Equinox,Chevrolet,"2022, 2021, 2020, 2019, 2018, 2017, 2016, 2015, 2014, 2013, 2012, 2011, 2010, 2009, 2008, 2007, 2006, 2005"
284,Equus,Hyundai,"2016, 2015, 2014, 2013, 2012, 2011"
285,ES,Lexus,"2022, 2021, 2020, 2019, 2018, 2017, 2016, 2015, 2014, 2013, 2012, 2011, 2010, 2009, 2008, 2007, 2006, 2005, 2004, 2003, 2002, 2001, 2000, 1999, 1998, 1997, 1996, 1995, 1994, 1993, 1992"
286,Escalade,Cadillac,"2023, 2022, 2021, 2020, 2019, 2018, 2017, 2016, 2015, 2014, 2013, 2012, 2011, 2010, 2009, 2008, 2007, 2006, 2005, 2004, 2003, 2002, 2000, 1999"
287,Escalade ESV,Cadillac,"2023, 2022, 2021, 2020, 2019, 2018, 2017, 2016, 2015, 2014, 2013, 2012, 2011, 2010, 2009, 2008, 2007, 2006, 2005, 2004, 2003"
288,Escalade EXT,Cadillac,"2013, 2012, 2011, 2010, 2009, 2008, 2007, 2006, 2005, 2004, 2003, 2002"
289,Escape,Ford,"2022, 2021, 2020, 2019, 2018, 2017, 2016, 2015, 2014, 2013, 2012, 2011, 2010, 2009, 2008, 2007, 2006, 2005, 2004, 2003, 2002, 2001"
290,Escape Plug-in Hybrid,Ford,"2022, 2021, 2020"
291,Escort,Ford,"2002, 2001, 2000, 1999, 1998, 1997, 1996, 1995, 1994, 1993, 1992"
292,Esperante,Panoz,"2006, 2005"
293,Esteem,Suzuki,"2002, 2001, 2000, 1999, 1998, 1997, 1996, 1995"
294,Eurovan,Volkswagen,"2003, 2002, 2001, 2000, 1999, 1993"
295,EV6,Kia,2022
296,Evora,Lotus,"2014, 2013, 2012, 2011, 2010"
297,Evora 400,Lotus,"2018, 2017"
298,Evora GT,Lotus,"2021, 2020"
299,EX,INFINITI,"2013, 2012, 2011, 2010, 2009, 2008"
300,Excel,Hyundai,"1994, 1993, 1992"
301,Excursion,Ford,"2005, 2004, 2003, 2002, 2001, 2000"
302,Exige,Lotus,"2011, 2010, 2009, 2006"
303,Exige S,Lotus,"2008, 2007"
304,Expedition,Ford,"2022, 2021, 2020, 2019, 2018, 2017, 2016, 2015, 2014, 2013, 2012, 2011, 2010, 2009, 2008, 2007, 2006, 2005, 2004, 2003, 2002, 2001, 2000, 1999, 1998, 1997"
305,Expedition EL,Ford,"2017, 2016, 2015, 2014, 2013, 2012, 2011, 2010, 2009, 2008, 2007"
306,Expedition MAX,Ford,"2022, 2021, 2020, 2019, 2018"
307,Explorer,Ford,"2022, 2021, 2020, 2019, 2018, 2017, 2016, 2015, 2014, 2013, 2012, 2011, 2010, 2009, 2008, 2007, 2006, 2005, 2004, 2003, 2002, 2001, 2000, 1999, 1998, 1997, 1996, 1995, 1994, 1993, 1992"
308,Explorer Sport,Ford,"2003, 2002, 2001, 2000"
309,Explorer Sport Trac,Ford,"2010, 2009, 2008, 2007, 2005, 2004, 2003, 2002, 2001"
310,Expo,Mitsubishi,"1995, 1994, 1993, 1992"
311,Express 1500 Cargo,Chevrolet,"2014, 2013, 2012, 2011, 2010, 2009, 2008, 2007, 2006, 2005, 2004, 2003, 2002, 2001, 2000, 1999"
312,Express 1500 Passenger,Chevrolet,"2014, 2013, 2012, 2011, 2010, 2009, 2008, 2007, 2006, 2005, 2004, 2003, 2002, 2001, 2000, 1999, 1998, 1997, 1996"
313,Express 2500 Cargo,Chevrolet,"2022, 2021, 2020, 2019, 2018, 2017, 2016, 2015, 2014, 2013, 2012, 2011, 2010, 2009, 2008, 2007, 2006, 2005, 2004, 2003, 2002, 2001, 2000, 1999"
314,Express 2500 Passenger,Chevrolet,"2022, 2021, 2020, 2019, 2018, 2017, 2016, 2015, 2014, 2013, 2012, 2011, 2010, 2009, 2008, 2007, 2006, 2005, 2004, 2003, 2002, 2001, 2000, 1999, 1998, 1997, 1996"
315,Express 3500 Cargo,Chevrolet,"2023, 2022, 2021, 2020, 2019, 2018, 2017, 2016, 2015, 2014, 2013, 2012, 2011, 2010, 2009, 2008, 2007, 2006, 2005, 2004, 2003, 2002, 2001, 2000, 1999"
316,Express 3500 Passenger,Chevrolet,"2022, 2021, 2020, 2019, 2018, 2017, 2016, 2015, 2014, 2013, 2012, 2011, 2010, 2009, 2008, 2007, 2006, 2005, 2004, 2003, 2002, 2001, 2000, 1999, 1998, 1997, 1996"
317,F-PACE,Jaguar,"2022, 2021, 2020, 2019, 2018, 2017"
318,F-TYPE,Jaguar,"2022, 2021, 2020, 2019, 2018, 2017, 2016, 2015, 2014"
319,F12berlinetta,Ferrari,"2017, 2016, 2015, 2014, 2013"
320,F150 (Heritage) Regular Cab,Ford,2004
321,F150 (Heritage) Super Cab,Ford,2004
322,F150 Lightning,Ford,2022
323,F150 Regular Cab,Ford,"2022, 2021, 2020, 2019, 2018, 2017, 2016, 2015, 2014, 2013, 2012, 2011, 2010, 2009, 2008, 2007, 2006, 2005, 2004, 2003, 2002, 2001, 2000, 1999, 1998, 1997, 1996, 1995, 1994, 1993, 1992"
324,F150 Super Cab,Ford,"2022, 2021, 2020, 2019, 2018, 2017, 2016, 2015, 2014, 2013, 2012, 2011, 2010, 2009, 2008, 2007, 2006, 2005, 2004, 2003, 2002, 2001, 2000, 1999, 1998, 1997, 1996, 1995, 1994, 1993, 1992"
325,F150 SuperCrew Cab,Ford,"2022, 2021, 2020, 2019, 2018, 2017, 2016, 2015, 2014, 2013, 2012, 2011, 2010, 2009, 2008, 2007, 2006, 2005, 2004, 2003, 2002, 2001"
326,F250 Crew Cab,Ford,"1997, 1996"
327,F250 Regular Cab,Ford,"1999, 1998, 1997, 1996, 1995, 1994, 1993, 1992"
328,F250 Super Cab,Ford,"1999, 1998, 1997, 1996, 1995, 1994, 1993, 1992"
329,F250 Super Duty Crew Cab,Ford,"2022, 2021, 2020, 2019, 2018, 2017, 2016, 2015, 2014, 2013, 2012, 2011, 2010, 2009, 2008, 2007, 2006, 2005, 2004, 2003, 2002, 2001, 2000, 1999"
330,F250 Super Duty Regular Cab,Ford,"2022, 2021, 2020, 2019, 2018, 2017, 2016, 2015, 2014, 2013, 2012, 2011, 2010, 2009, 2008, 2007, 2006, 2005, 2004, 2003, 2002, 2001, 2000, 1999"
331,F250 Super Duty Super Cab,Ford,"2022, 2021, 2020, 2019, 2018, 2017, 2016, 2015, 2014, 2013, 2012, 2011, 2010, 2009, 2008, 2007, 2006, 2005, 2004, 2003, 2002, 2001, 2000, 1999"
332,F350 Crew Cab,Ford,"1997, 1996, 1995, 1994, 1993, 1992"
333,F350 Regular Cab,Ford,"1997, 1996, 1995, 1994, 1993, 1992"
334,F350 Super Cab,Ford,"1997, 1996, 1995, 1994, 1993, 1992"
335,F350 Super Duty Crew Cab,Ford,"2022, 2021, 2020, 2019, 2018, 2017, 2016, 2015, 2014, 2013, 2012, 2011, 2010, 2009, 2008, 2007, 2006, 2005, 2004, 2003, 2002, 2001, 2000, 1999"
336,F350 Super Duty Regular Cab,Ford,"2022, 2021, 2020, 2019, 2018, 2017, 2016, 2015, 2014, 2013, 2012, 2011, 2010, 2009, 2008, 2007, 2006, 2005, 2004, 2003, 2002, 2001, 2000, 1999"
337,F350 Super Duty Super Cab,Ford,"2022, 2021, 2020, 2019, 2018, 2017, 2016, 2015, 2014, 2013, 2012, 2011, 2010, 2009, 2008, 2007, 2006, 2005, 2004, 2003, 2002, 2001, 2000, 1999"
338,F430,Ferrari,"2009, 2008, 2007, 2006"
339,F450 Super Duty Crew Cab,Ford,"2022, 2021, 2020, 2019, 2018, 2017, 2016, 2015, 2014, 2013, 2012, 2011, 2010, 2009, 2008"
340,F450 Super Duty Regular Cab,Ford,"2022, 2021, 2020, 2019"
341,F8,Ferrari,"2022, 2021, 2020"
342,Festiva,Ford,"1993, 1992"
343,FF,Ferrari,"2016, 2015, 2014, 2013, 2012"
344,Fiesta,Ford,"2019, 2018, 2017, 2016, 2015, 2014, 2013, 2012, 2011"
345,Fifth Ave,Chrysler,"1993, 1992"
346,Firebird,Pontiac,"2002, 2001, 2000, 1999, 1998, 1997, 1996, 1995, 1994, 1993, 1992"
347,Fit,Honda,"2020, 2019, 2018, 2017, 2016, 2015, 2013, 2012, 2011, 2010, 2009, 2008, 2007"
348,Five Hundred,Ford,"2007, 2006, 2005"
349,FJ Cruiser,Toyota,"2014, 2013, 2012, 2011, 2010, 2009, 2008, 2007"
350,Fleetwood,Cadillac,"1996, 1995, 1994, 1993, 1992"
351,Flex,Ford,"2019, 2018, 2017, 2016, 2015, 2014, 2013, 2012, 2011, 2010, 2009"
352,Flying Spur,Bentley,"2022, 2021, 2020, 2018, 2017, 2016, 2015, 2014"
353,Focus,Ford,"2018, 2017, 2016, 2015, 2014, 2013, 2012, 2011, 2010, 2009, 2008, 2007, 2006, 2005, 2004, 2003, 2002, 2001, 2000"
354,Focus ST,Ford,"2015, 2014, 2013"
355,Forenza,Suzuki,"2008, 2007, 2006, 2005, 2004"
356,Forester,Subaru,"2022, 2021, 2020, 2019, 2018, 2017, 2016, 2015, 2014, 2013, 2012, 2011, 2010, 2009, 2008, 2007, 2006, 2005, 2004, 2003, 2002, 2001, 2000, 1999, 1998"
357,Forte,Kia,"2022, 2021, 2020, 2019, 2018, 2017, 2016, 2015, 2014, 2013, 2012, 2011, 2010"
358,Forte Koup,Kia,"2016, 2015"
359,Forte5,Kia,"2018, 2017, 2016, 2015"
360,fortwo,smart,"2017, 2016, 2015, 2014, 2013, 2012, 2011, 2010, 2009, 2008"
361,fortwo cabrio,smart,2017
362,fortwo electric drive,smart,"2018, 2017, 2016, 2015, 2014, 2013"
363,fortwo electric drive cabrio,smart,"2018, 2017"
364,fortwo EQ cabrio,smart,2019
365,fortwo EQ coupe,smart,2019
366,Fox,Volkswagen,"1993, 1992"
367,FR-S,Scion,"2016, 2015, 2014, 2013"
368,Freelander,Land Rover,"2005, 2004, 2003, 2002"
369,Freestar Cargo,Ford,"2007, 2006, 2005, 2004"
370,Freestar Passenger,Ford,"2007, 2006, 2005, 2004"
371,Freestyle,Ford,"2007, 2006, 2005"
372,Frontier Crew Cab,Nissan,"2023, 2022, 2021, 2020, 2019, 2018, 2017, 2016, 2015, 2014, 2013, 2012, 2011, 2010, 2009, 2008, 2007, 2006, 2005, 2004, 2003, 2002, 2001, 2000"
373,Frontier King Cab,Nissan,"2022, 2021, 2020, 2019, 2018, 2017, 2016, 2015, 2014, 2013, 2012, 2011, 2010, 2009, 2008, 2007, 2006, 2005, 2004, 2003, 2002, 2001, 2000, 1999, 1998"
374,Frontier Regular Cab,Nissan,"2001, 2000, 1999, 1998"
375,Fusion,Ford,"2020, 2019, 2018, 2017, 2016, 2015, 2014, 2013, 2012, 2011, 2010, 2009, 2008, 2007, 2006"
376,Fusion Energi,Ford,"2019, 2018, 2017, 2016, 2015, 2014, 2013"
377,Fusion Plug-in Hybrid,Ford,2020
378,FX,INFINITI,"2013, 2012, 2011, 2010, 2009, 2008, 2007, 2006, 2005, 2004, 2003"
379,G,INFINITI,"2013, 2012, 2011, 2010, 2009, 2008, 2007, 2006, 2005, 2004, 2003, 2002, 2001, 2000, 1999, 1996, 1995, 1994, 1993, 1992"
380,G-Class,Mercedes-Benz,"2022, 2021, 2020, 2019, 2018, 2017, 2016, 2015, 2014, 2013, 2012, 2011, 2010, 2009, 2008, 2007, 2006, 2005, 2004, 2003, 2002"
381,G-Series 1500,Chevrolet,"1998, 1997, 1996"
382,G-Series 2500,Chevrolet,"1998, 1997, 1996"
383,G-Series 3500,Chevrolet,"1998, 1997"
384,G-Series G10,Chevrolet,"1995, 1994, 1993, 1992"
385,G-Series G20,Chevrolet,"1995, 1994, 1993, 1992"
386,G-Series G30,Chevrolet,"1996, 1995, 1994, 1993, 1992"
387,G3,Pontiac,"2010, 2009"
388,G5,Pontiac,"2009, 2008, 2007"
389,G6,Pontiac,"2010, 2009, 2008, 2007, 2006, 2005"
390,G6 (2009.5),Pontiac,2009
391,G70,Genesis,"2022, 2021, 2020, 2019"
392,G8,Pontiac,"2009, 2008"
393,G80,Genesis,"2022, 2021, 2020, 2019, 2018, 2017"
394,G90,Genesis,"2022, 2021, 2020, 2019, 2018, 2017"
395,Galant,Mitsubishi,"2012, 2011, 2010, 2009, 2008, 2007, 2006, 2005, 2004, 2003, 2002, 2001, 2000, 1999, 1998, 1997, 1996, 1995, 1994, 1993, 1992"
396,Gallardo,Lamborghini,"2014, 2013, 2012, 2011, 2010, 2009, 2008, 2007, 2006"
397,Genesis,Hyundai,"2016, 2015, 2014, 2013, 2012, 2011, 2010, 2009"
398,Genesis Coupe,Hyundai,"2016, 2015, 2014, 2013, 2012, 2011, 2010"
399,Ghibli,Maserati,"2022, 2021, 2020, 2019, 2018, 2017, 2016, 2015, 2014"
400,Ghost,Rolls-Royce,"2022, 2021, 2020, 2019, 2018, 2017, 2016, 2015, 2014, 2013, 2012, 2011, 2010"
401,Giulia,Alfa Romeo,"2022, 2021, 2020, 2019, 2018, 2017"
402,GL-Class,Mercedes-Benz,"2016, 2015, 2014, 2013, 2012, 2011, 2010, 2009, 2008, 2007"
403,GLA,Mercedes-Benz,"2022, 2021, 2020, 2019, 2018, 2017, 2016"
404,GLA-Class,Mercedes-Benz,2015
405,Gladiator,Jeep,"2022, 2021, 2020"
406,GLB,Mercedes-Benz,"2022, 2021, 2020"
407,GLC,Mercedes-Benz,"2022, 2021, 2020, 2019, 2018, 2017, 2016"
408,GLC Coupe,Mercedes-Benz,"2022, 2021, 2020, 2019, 2018, 2017"
409,GLE,Mercedes-Benz,"2022, 2021, 2020, 2019, 2018, 2017, 2016"
410,GLE Coupe,Mercedes-Benz,2016
411,GLI,Volkswagen,"2009, 2008"
412,GLK-Class,Mercedes-Benz,"2015, 2014, 2013, 2012, 2011, 2010"
413,GLS,Mercedes-Benz,"2022, 2021, 2020, 2019, 2018, 2017"
414,Golf,Volkswagen,"2021, 2020, 2019, 2018, 2017, 2016, 2015, 2014, 2013, 2012, 2011, 2010, 2006, 2005, 2004, 2003, 2002, 2001, 2000, 1999, 1998, 1997, 1996, 1992"
415,Golf (New),Volkswagen,1999
416,Golf Alltrack,Volkswagen,"2019, 2018, 2017"
417,Golf GTI,Volkswagen,"2022, 2021, 2020, 2019, 2018, 2017, 2016, 2015"
418,Golf III,Volkswagen,"1995, 1994, 1993"
419,Golf R,Volkswagen,"2022, 2019, 2018, 2017, 2016, 2015"
420,Golf SportWagen,Volkswagen,"2019, 2018, 2017, 2016, 2015"
421,GR Supra,Toyota,"2022, 2021, 2020"
422,GR86,Toyota,"2023, 2022"
423,Grand Am,Pontiac,"2005, 2004, 2003, 2002, 2001, 2000, 1999, 1998, 1997, 1996, 1995, 1994, 1993, 1992"
424,Grand Caravan Cargo,Dodge,"2011, 2010, 2009, 2008, 2007, 2006, 2005, 2004, 2003"
425,Grand Caravan Passenger,Dodge,"2020, 2019, 2018, 2017, 2016, 2015, 2014, 2013, 2012, 2011, 2010, 2009, 2008, 2007, 2006, 2005, 2004, 2003, 2002, 2001, 2000, 1999, 1998, 1997, 1996, 1995, 1994, 1993, 1992"
426,Grand Cherokee,Jeep,"2022, 2021, 2020, 2019, 2018, 2017, 2016, 2015, 2014, 2013, 2012, 2011, 2010, 2009, 2008, 2007, 2006, 2005, 2004, 2003, 2002, 2001, 2000, 1999, 1998, 1997, 1996, 1995, 1994, 1993"
427,Grand Cherokee 4xe,Jeep,2022
428,Grand Cherokee L,Jeep,"2022, 2021"
429,Grand Marquis,Mercury,"2011, 2010, 2009, 2008, 2007, 2006, 2005, 2004, 2003, 2002, 2001, 2000, 1999, 1998, 1997, 1996, 1995, 1994, 1993, 1992"
430,Grand Prix,Pontiac,"2008, 2007, 2006, 2005, 2004, 2003, 2002, 2001, 2000, 1999, 1998, 1997, 1996, 1995, 1994, 1993, 1992"
431,Grand Vitara,Suzuki,"2013, 2012, 2011, 2010, 2009, 2008, 2007, 2006, 2005, 2004, 2003, 2002, 2001, 2000, 1999"
432,Grand Voyager,Chrysler,2000
433,Grand Voyager,Plymouth,"2000, 1999, 1998, 1997, 1996, 1995, 1994, 1993, 1992"
434,Grand Wagoneer,Jeep,2022
435,GranSport,Maserati,"2006, 2005"
436,GranTurismo,Maserati,"2019, 2018, 2017, 2016, 2015, 2014, 2013, 2012, 2011, 2010, 2009, 2008"
437,GS,Lexus,"2020, 2019, 2018, 2017, 2016, 2015, 2014, 2013, 2011, 2010, 2009, 2008, 2007, 2006, 2005, 2004, 2003, 2002, 2001, 2000, 1999, 1998, 1997, 1996, 1995, 1994, 1993"
438,GT,Ford,"2006, 2005"
439,GT,McLaren,2020
440,GT-R,Nissan,"2021, 2020, 2019, 2018, 2017, 2016, 2015, 2014, 2013, 2012, 2011, 2010, 2009"
441,GTC4Lusso,Ferrari,"2020, 2019, 2018, 2017"
442,GTI,Volkswagen,"2014, 2013, 2012, 2011, 2010, 2009, 2008, 2007, 2006, 2005, 2004, 2003, 2002, 2001, 2000, 1995, 1992"
443,GTI (New),Volkswagen,1999
444,GTO,Pontiac,"2006, 2005, 2004"
445,GV70,Genesis,2022
446,GV80,Genesis,"2022, 2021"
447,GX,Lexus,"2022, 2021, 2020, 2019, 2018, 2017, 2016, 2015, 2014, 2013, 2012, 2011, 2010, 2009, 2008, 2007, 2006, 2005, 2004, 2003"
448,H1,HUMMER,"2006, 2004, 2003, 2002, 2001, 2000, 1999, 1998, 1997, 1996, 1995, 1994, 1993"
449,H2,HUMMER,"2009, 2008, 2007, 2006, 2005, 2004, 2003"
450,H3,HUMMER,"2010, 2009, 2008, 2007, 2006"
451,H3T,HUMMER,"2010, 2009"
452,Hardtop,MINI,"2014, 2013, 2012, 2011, 2010, 2009"
453,Hardtop 2 Door,MINI,"2023, 2022, 2021, 2020, 2019, 2018, 2017, 2016, 2015"
454,Hardtop 4 Door,MINI,"2023, 2022, 2021, 2020, 2019, 2018, 2017, 2016, 2015"
455,HHR,Chevrolet,"2011, 2010, 2009, 2008, 2007, 2006"
456,Highlander,Toyota,"2022, 2021, 2020, 2019, 2018, 2017, 2016, 2015, 2014, 2013, 2012, 2011, 2010, 2009, 2008, 2007, 2006, 2005, 2004, 2003, 2002, 2001"
457,Highlander Hybrid,Toyota,"2022, 2021, 2020, 2019, 2018, 2017"
458,Hombre Regular Cab,Isuzu,"2000, 1999, 1998, 1997, 1996"
459,Hombre Spacecab,Isuzu,"2000, 1999, 1998, 1997"
460,HR-V,Honda,"2022, 2021, 2020, 2019, 2018, 2017, 2016"
461,HS,Lexus,"2012, 2011, 2010"
462,Hummer EV Pickup,GMC,2022
463,Huracan,Lamborghini,"2022, 2021, 2020, 2019, 2018, 2017, 2016, 2015"
464,I,INFINITI,"2004, 2003, 2002, 2001, 2000, 1999, 1998, 1997, 1996"
465,i-280 Extended Cab,Isuzu,2006
466,i-290 Extended Cab,Isuzu,"2008, 2007"
467,i-350 Crew Cab,Isuzu,2006
468,i-370 Crew Cab,Isuzu,"2008, 2007"
469,i-370 Extended Cab,Isuzu,"2008, 2007"
470,i-MiEV,Mitsubishi,"2017, 2016, 2014, 2012"
471,I-PACE,Jaguar,"2022, 2020, 2019"
472,i3,BMW,"2021, 2020, 2019, 2018, 2017, 2016, 2015, 2014"
473,i4,BMW,2022
474,i7,BMW,2023
475,i8,BMW,"2020, 2019, 2017, 2016, 2015, 2014"
476,iA,Scion,2016
477,ID.4,Volkswagen,"2022, 2021"
478,ILX,Acura,"2022, 2021, 2020, 2019, 2018, 2017, 2016, 2015, 2014, 2013"
479,iM,Scion,2016
480,Impala,Chevrolet,"2020, 2019, 2018, 2017, 2016, 2015, 2014, 2013, 2012, 2011, 2010, 2009, 2008, 2007, 2006, 2005, 2004, 2003, 2002, 2001, 2000, 1996, 1995, 1994"
481,Impala Limited,Chevrolet,"2016, 2015, 2014"
482,Imperial,Chrysler,"1993, 1992"
483,Impreza,Subaru,"2022, 2021, 2020, 2019, 2018, 2017, 2016, 2015, 2014, 2013, 2012, 2011, 2010, 2009, 2008, 2007, 2006, 2005, 2004, 2003, 2002, 2001, 2000, 1999, 1998, 1997, 1996, 1995, 1994, 1993"
484,Impulse,Isuzu,1992
485,Insight,Honda,"2022, 2021, 2020, 2019, 2014, 2013, 2012, 2011, 2010, 2006, 2005, 2004, 2003, 2002, 2001, 2000"
486,Integra,Acura,"2001, 2000, 1999, 1998, 1997, 1996, 1995, 1994, 1993, 1992"
487,Intrepid,Dodge,"2004, 2003, 2002, 2001, 2000, 1999, 1998, 1997, 1996, 1995, 1994, 1993"
488,Intrigue,Oldsmobile,"2002, 2001, 2000, 1999, 1998"
489,Ion,Saturn,"2007, 2006, 2005, 2004, 2003"
490,IONIQ 5,Hyundai,2022
491,Ioniq Electric,Hyundai,"2021, 2020, 2019, 2018, 2017"
492,Ioniq Hybrid,Hyundai,"2022, 2021, 2020, 2019, 2018, 2017"
493,Ioniq Plug-in Hybrid,Hyundai,"2022, 2021, 2020, 2019, 2018"
494,iQ,Scion,"2015, 2014, 2013, 2012"
495,IS,Lexus,"2022, 2021, 2020, 2019, 2018, 2017, 2016, 2015, 2014, 2013, 2012, 2011, 2010, 2009, 2008, 2007, 2006, 2005, 2004, 2003, 2002, 2001"
496,IS F,Lexus,"2011, 2010, 2009, 2008"
497,iX,BMW,2022
498,J,INFINITI,"1997, 1996, 1995, 1994, 1993"
499,Jetta,Volkswagen,"2022, 2021, 2020, 2019, 2018, 2017, 2016, 2015, 2014, 2013, 2012, 2011, 2010, 2009, 2008, 2007, 2006, 2005, 2004, 2003, 2002, 2001, 2000, 1999, 1998, 1997, 1996, 1992"
500,Jetta (New),Volkswagen,"2005, 1999"
501,Jetta GLI,Volkswagen,"2022, 2021, 2020, 2019"
502,Jetta III,Volkswagen,"1995, 1994, 1993"
503,Jetta SportWagen,Volkswagen,"2014, 2013, 2012"
504,Jimmy,GMC,"2001, 2000, 1999, 1998, 1997, 1996, 1995, 1994, 1993, 1992"
505,Journey,Dodge,"2020, 2019, 2018, 2017, 2016, 2015, 2014, 2013, 2012, 2011, 2010, 2009"
506,JUKE,Nissan,"2017, 2016, 2015, 2014, 2013, 2012, 2011"
507,Justy,Subaru,"1994, 1993, 1992"
508,JX,INFINITI,2013
509,K5,Kia,"2022, 2021"
510,K900,Kia,"2020, 2019, 2017, 2016, 2015"
511,Karma,Fisker,2012
512,Kicks,Nissan,"2022, 2021, 2020, 2019, 2018"
513,King Cab,Nissan,"1997, 1996, 1995, 1994, 1993, 1992"
514,Kizashi,Suzuki,"2013, 2012, 2011, 2010"
515,Kona,Hyundai,"2022, 2021, 2020, 2019, 2018"
516,Kona Electric,Hyundai,"2022, 2021, 2020, 2019"
517,Kona N,Hyundai,2022
518,L-Series,Saturn,"2005, 2004, 2003, 2002, 2001, 2000"
519,LaCrosse,Buick,"2019, 2018, 2017, 2016, 2015, 2014, 2013, 2012, 2011, 2010, 2009, 2008, 2007, 2006, 2005"
520,Lancer,Mitsubishi,"2017, 2016, 2015, 2014, 2013, 2012, 2011, 2010, 2009, 2008, 2007, 2006, 2005, 2004, 2003, 2002"
521,Lancer Evolution,Mitsubishi,2015
522,Land Cruiser,Toyota,"2021, 2020, 2019, 2018, 2017, 2016, 2015, 2014, 2013, 2011, 2010, 2009, 2008, 2007, 2006, 2005, 2004, 2003, 2002, 2001, 2000, 1999, 1998, 1997, 1996, 1995, 1994, 1993, 1992"
523,Lanos,Daewoo,"2002, 2001, 2000, 1999"
524,Laser,Plymouth,"1994, 1993, 1992"
525,LC,Lexus,"2022, 2021, 2020, 2019, 2018"
526,LEAF,Nissan,"2022, 2021, 2020, 2019, 2018, 2017, 2016, 2015, 2014, 2013, 2012, 2011"
527,LeBaron,Chrysler,"1995, 1994, 1993, 1992"
528,Legacy,Subaru,"2022, 2021, 2020, 2019, 2018, 2017, 2016, 2015, 2014, 2013, 2012, 2011, 2010, 2009, 2008, 2007, 2006, 2005, 2004, 2003, 2002, 2001, 2000, 1999, 1998, 1997, 1996, 1995, 1994, 1993, 1992"
529,Leganza,Daewoo,"2002, 2001, 2000, 1999"
530,Legend,Acura,"1995, 1994, 1993, 1992"
531,LeMans,Pontiac,"1993, 1992"
532,LeSabre,Buick,"2005, 2004, 2003, 2002, 2001, 2000, 1999, 1998, 1997, 1996, 1995, 1994, 1993, 1992"
533,Levante,Maserati,"2022, 2021, 2020, 2019, 2018, 2017"
534,LFA,Lexus,2012
535,LHS,Chrysler,"2001, 2000, 1999, 1997, 1996, 1995, 1994"
536,Liberty,Jeep,"2012, 2011, 2010, 2009, 2008, 2007, 2006, 2005, 2004, 2003, 2002"
537,Loyale,Subaru,"1994, 1993, 1992"
538,LR2,Land Rover,"2015, 2014, 2013, 2012, 2011, 2010, 2009, 2008"
539,LR3,Land Rover,"2009, 2008, 2007, 2006, 2005"
540,LR4,Land Rover,"2016, 2015, 2014, 2013, 2012, 2011, 2010"
541,LS,Lexus,"2022, 2021, 2020, 2019, 2018, 2017, 2016, 2015, 2014, 2013, 2012, 2011, 2010, 2009, 2008, 2007, 2006, 2005, 2004, 2003, 2002, 2001, 2000, 1999, 1998, 1997, 1996, 1995, 1994, 1993, 1992"
542,LS,Lincoln,"2006, 2005, 2004, 2003, 2002, 2001, 2000"
543,LSS,Oldsmobile,"1999, 1998, 1997"
544,Lucerne,Buick,"2011, 2010, 2009, 2008, 2007, 2006"
545,Lumina,Chevrolet,"2001, 2000, 1999, 1998, 1997, 1996, 1995, 1994, 1993, 1992"
546,Lumina APV,Chevrolet,"1993, 1992"
547,Lumina Cargo,Chevrolet,"1996, 1995, 1994"
548,Lumina Passenger,Chevrolet,"1996, 1995, 1994"
549,LX,Lexus,"2022, 2021, 2020, 2019, 2018, 2017, 2016, 2015, 2014, 2013, 2011, 2010, 2009, 2008, 2007, 2006, 2005, 2004, 2003, 2002, 2001, 2000, 1999, 1998, 1997, 1996"
550,M,BMW,"2002, 2001, 2000"
551,M,INFINITI,"2013, 2012, 2011, 2010, 2009, 2008, 2007, 2006, 2004, 2003, 1992"
552,M-Class,Mercedes-Benz,"2015, 2014, 2013, 2012, 2011, 2010, 2009, 2008, 2007, 2006, 2005, 2004, 2003, 2002, 2001, 2000, 1999, 1998"
553,M2,BMW,"2021, 2020, 2019, 2018, 2017, 2016"
554,M3,BMW,"2022, 2021, 2018, 2017, 2016, 2015, 2013, 2012, 2011, 2010, 2009, 2008, 2006, 2005, 2004, 2003, 2002, 2001, 1999, 1998, 1997, 1996, 1995"
555,M4,BMW,"2022, 2021, 2020, 2019, 2018, 2017, 2016, 2015"
556,M5,BMW,"2022, 2021, 2020, 2019, 2018, 2016, 2015, 2014, 2013, 2010, 2009, 2008, 2007, 2006, 2003, 2002, 2001, 2000, 1993, 1992"
557,M6,BMW,"2019, 2018, 2017, 2016, 2015, 2014, 2013, 2012, 2010, 2009, 2008, 2007, 2006"
558,M8,BMW,"2022, 2021, 2020"
559,Macan,Porsche,"2022, 2021, 2020, 2019, 2018, 2017, 2016, 2015"
560,Magnum,Dodge,"2008, 2007, 2006, 2005"
561,Malibu,Chevrolet,"2022, 2021, 2020, 2019, 2018, 2017, 2016, 2015, 2014, 2013, 2012, 2011, 2010, 2009, 2008, 2007, 2006, 2005, 2004, 2003, 2002, 2001, 2000, 1999, 1998, 1997"
562,Malibu (Classic),Chevrolet,2008
563,Malibu Limited,Chevrolet,2016
564,Marauder,Mercury,"2004, 2003"
565,Mariner,Mercury,"2011, 2010, 2009, 2008, 2007, 2006, 2005"
566,Mark LT,Lincoln,"2008, 2007, 2006"
567,Mark VII,Lincoln,1992
568,Mark VIII,Lincoln,"1998, 1997, 1996, 1995, 1994, 1993"
569,Matrix,Toyota,"2013, 2012, 2011, 2010, 2009, 2008, 2007, 2006, 2005, 2004, 2003"
570,Maverick,Ford,2022
571,Maxima,Nissan,"2022, 2021, 2020, 2019, 2018, 2017, 2016, 2014, 2013, 2012, 2011, 2010, 2009, 2008, 2007, 2006, 2005, 2004, 2003, 2002, 2001, 2000, 1999, 1998, 1997, 1996, 1995, 1994, 1993, 1992"
572,MAZDA2,MAZDA,"2014, 2013, 2012, 2011"
573,MAZDA3,MAZDA,"2022, 2021, 2020, 2019, 2018, 2017, 2016, 2015, 2014, 2013, 2012, 2011, 2010, 2009, 2008, 2007, 2006, 2005, 2004"
574,MAZDA5,MAZDA,"2015, 2014, 2013, 2012, 2010, 2009, 2008, 2007, 2006"
575,MAZDA6,MAZDA,"2021, 2020, 2019, 2018, 2017, 2016, 2015, 2014, 2013, 2012, 2011, 2010, 2009, 2008, 2007, 2006, 2005, 2004, 2003"
576,MC20,Maserati,2022
577,MDX,Acura,"2022, 2020, 2019, 2018, 2017, 2016, 2015, 2014, 2013, 2012, 2011, 2010, 2009, 2008, 2007, 2006, 2005, 2004, 2003, 2002, 2001"
578,MDX Sport Hybrid,Acura,"2020, 2019, 2018, 2017"
579,Mercedes-AMG A-Class,Mercedes-Benz,"2021, 2020"
580,Mercedes-AMG C-Class,Mercedes-Benz,"2022, 2021, 2020, 2019, 2018, 2017"
581,Mercedes-AMG CLA,Mercedes-Benz,"2022, 2021, 2020, 2019, 2018, 2017, 2016"
582,Mercedes-AMG CLS,Mercedes-Benz,"2021, 2020, 2019, 2018, 2017"
583,Mercedes-AMG E-Class,Mercedes-Benz,"2022, 2021, 2020, 2019, 2018, 2017"
584,Mercedes-AMG EQS,Mercedes-Benz,2022
585,Mercedes-AMG G-Class,Mercedes-Benz,"2022, 2021, 2020, 2019, 2018, 2017"
586,Mercedes-AMG GLA,Mercedes-Benz,"2022, 2021, 2019, 2018, 2017, 2016"
587,Mercedes-AMG GLB,Mercedes-Benz,"2022, 2021"
588,Mercedes-AMG GLC,Mercedes-Benz,"2022, 2021, 2020, 2019, 2018, 2017"
589,Mercedes-AMG GLC Coupe,Mercedes-Benz,"2022, 2021, 2020, 2019, 2018, 2017"
590,Mercedes-AMG GLE,Mercedes-Benz,"2022, 2021, 2019, 2018, 2017, 2016"
591,Mercedes-AMG GLE Coupe,Mercedes-Benz,"2022, 2021, 2019, 2018, 2017, 2016"
592,Mercedes-AMG GLS,Mercedes-Benz,"2022, 2021, 2019, 2018, 2017"
593,Mercedes-AMG GT,Mercedes-Benz,"2022, 2021, 2020, 2019, 2018, 2017, 2016"
594,Mercedes-AMG S-Class,Mercedes-Benz,"2021, 2020, 2019, 2018, 2017"
595,Mercedes-AMG SL,Mercedes-Benz,"2022, 2019, 2018, 2017, 2016"
596,Mercedes-AMG SLC,Mercedes-Benz,"2020, 2019, 2018, 2017"
597,Mercedes-AMG SLK,Mercedes-Benz,2016
598,Mercedes-EQ EQB,Mercedes-Benz,2022
599,Mercedes-EQ EQS,Mercedes-Benz,2022
600,Mercedes-Maybach GLS,Mercedes-Benz,"2022, 2021"
601,Mercedes-Maybach S 600,Mercedes-Benz,2016
602,Mercedes-Maybach S-Class,Mercedes-Benz,"2022, 2021, 2020, 2019, 2018, 2017"
603,Metris Cargo,Mercedes-Benz,"2022, 2021, 2020, 2019, 2018, 2017, 2016"
604,Metris Passenger,Mercedes-Benz,"2022, 2021, 2020, 2019, 2018, 2017, 2016"
605,Metris WORKER Cargo,Mercedes-Benz,"2020, 2019, 2018, 2017"
606,Metris WORKER Passenger,Mercedes-Benz,"2020, 2019, 2018, 2017"
607,Metro,Chevrolet,"2001, 2000, 1999, 1998"
608,Metro,Geo,"1997, 1996, 1995, 1994, 1993, 1992"
609,Mighty Max Macro Cab,Mitsubishi,"1994, 1993, 1992"
610,Mighty Max Regular Cab,Mitsubishi,"1996, 1995, 1994, 1993, 1992"
611,Milan,Mercury,"2011, 2010, 2009, 2008, 2007, 2006"
612,Millenia,MAZDA,"2002, 2001, 2000, 1999, 1998, 1997, 1996, 1995"
613,Mirage,Mitsubishi,"2022, 2021, 2020, 2019, 2018, 2017, 2015, 2014, 2002, 2001, 2000, 1999, 1998, 1997, 1996, 1995, 1994, 1993, 1992"
614,Mirage G4,Mitsubishi,"2022, 2021, 2020, 2019, 2018, 2017"
615,Mirai,Toyota,"2022, 2021, 2020, 2019, 2018, 2017, 2016"
616,MKC,Lincoln,"2019, 2018, 2017, 2016, 2015"
617,MKS,Lincoln,"2016, 2015, 2014, 2013, 2012, 2011, 2010, 2009"
618,MKT,Lincoln,"2019, 2018, 2017, 2016, 2015, 2014, 2013, 2012, 2011, 2010"
619,MKX,Lincoln,"2018, 2017, 2016, 2015, 2014, 2013, 2012, 2011, 2010, 2009, 2008, 2007"
620,MKZ,Lincoln,"2020, 2019, 2018, 2017, 2016, 2015, 2014, 2013, 2012, 2011, 2010, 2009, 2008, 2007"
621,Model 3,Tesla,"2022, 2021, 2020, 2019, 2018, 2017"
622,Model S,Tesla,"2022, 2021, 2020, 2019, 2018, 2017, 2016, 2015, 2014, 2013, 2012"
623,Model X,Tesla,"2022, 2021, 2020, 2019, 2018, 2017, 2016"
624,Model Y,Tesla,"2022, 2021, 2020"
625,Monaco,Dodge,1992
626,Montana,Pontiac,"2005, 2004, 2003, 2002, 2001, 2000, 1999"
627,Montana SV6,Pontiac,"2006, 2005"
628,Monte Carlo,Chevrolet,"2007, 2006, 2005, 2004, 2003, 2002, 2001, 2000, 1999, 1998, 1997, 1996, 1995"
629,Montego,Mercury,"2007, 2006, 2005"
630,Monterey,Mercury,"2007, 2006, 2005, 2004"
631,Montero,Mitsubishi,"2006, 2005, 2004, 2003, 2002, 2001, 2000, 1999, 1998, 1997, 1996, 1995, 1994, 1993, 1992"
632,Montero Sport,Mitsubishi,"2004, 2003, 2002, 2001, 2000, 1999, 1998, 1997"
633,Mountaineer,Mercury,"2010, 2009, 2008, 2007, 2006, 2005, 2004, 2003, 2002, 2001, 2000, 1999, 1998, 1997"
634,MP4-12C,McLaren,"2014, 2013, 2012"
635,MPV,MAZDA,"2006, 2005, 2004, 2003, 2002, 2001, 2000, 1998, 1997, 1996, 1995, 1994, 1993, 1992"
636,MR2,Toyota,"2005, 2004, 2003, 2002, 2001, 2000, 1995, 1994, 1993, 1992"
637,Mulsanne,Bentley,"2020, 2019, 2018, 2017, 2016, 2015, 2014, 2013, 2012, 2011"
638,Murano,Nissan,"2022, 2021, 2020, 2019, 2018, 2017, 2016, 2015, 2014, 2013, 2012, 2011, 2010, 2009, 2007, 2006, 2005, 2004, 2003"
639,Murcielago,Lamborghini,"2010, 2009, 2007, 2006"
640,Murcielago LP640,Lamborghini,2008
641,Mustang,Ford,"2023, 2022, 2021, 2020, 2019, 2018, 2017, 2016, 2015, 2014, 2013, 2012, 2011, 2010, 2009, 2008, 2007, 2006, 2005, 2004, 2003, 2002, 2001, 2000, 1999, 1998, 1997, 1996, 1995, 1994, 1993, 1992"
642,Mustang MACH-E,Ford,"2022, 2021"
643,MX-3,MAZDA,"1995, 1994, 1993, 1992"
644,MX-30,MAZDA,2022
645,MX-5 Miata,MAZDA,"2022, 2021, 2020, 2019, 2018, 2017, 2016, 2015, 2014, 2013, 2012, 2011, 2010, 2009, 2008, 2007, 2006, 2005, 2004, 2003, 2002, 2001, 2000, 1999, 1997, 1996, 1995, 1994, 1993, 1992"
646,MX-5 Miata RF,MAZDA,"2022, 2021, 2020, 2019, 2018, 2017"
647,MX-6,MAZDA,"1997, 1996, 1995, 1994, 1993, 1992"
648,Mystique,Mercury,"2000, 1999, 1998, 1997, 1996, 1995"
649,Nautilus,Lincoln,"2022, 2021, 2020, 2019"
650,Navajo,MAZDA,"1994, 1993, 1992"
651,Navigator,Lincoln,"2022, 2021, 2020, 2019, 2018, 2017, 2016, 2015, 2014, 2013, 2012, 2011, 2010, 2009, 2008, 2007, 2006, 2005, 2004, 2003, 2002, 2001, 2000, 1999, 1998"
652,Navigator L,Lincoln,"2022, 2021, 2020, 2019, 2018, 2017, 2016, 2015, 2014, 2013, 2012, 2011, 2010, 2009, 2008, 2007"
653,Neon,Dodge,"2005, 2004, 2003, 2002, 2001, 2000, 1999, 1998, 1997, 1996, 1995"
654,Neon,Plymouth,"2001, 2000, 1999, 1998, 1997, 1996, 1995"
655,New Beetle,Volkswagen,"2010, 2009, 2008, 2007, 2006, 2005, 2004, 2003, 2002, 2001, 2000, 1999, 1998"
656,New Yorker,Chrysler,"1996, 1995, 1994, 1993, 1992"
657,Niro,Kia,"2022, 2021, 2020, 2019, 2018, 2017"
658,Niro EV,Kia,"2022, 2021, 2020, 2019"
659,Niro Plug-in Hybrid,Kia,"2022, 2021, 2020, 2019, 2018"
660,Nitro,Dodge,"2011, 2010, 2009, 2008, 2007"
661,NSX,Acura,"2022, 2021, 2020, 2019, 2018, 2017, 2005, 2004, 2003, 2002, 2001, 2000, 1999, 1998, 1997, 1996, 1995, 1994, 1993, 1992"
662,Nubira,Daewoo,"2002, 2001, 2000, 1999"
663,NV1500 Cargo,Nissan,"2021, 2020, 2019, 2018, 2017, 2016, 2015, 2014, 2013, 2012"
664,NV200,Nissan,"2021, 2020, 2019, 2018, 2017, 2016, 2015, 2014, 2013"
665,NV200 Taxi,Nissan,"2019, 2016, 2015, 2014"
666,NV2500 HD Cargo,Nissan,"2021, 2020, 2019, 2018, 2017, 2016, 2015, 2014, 2013, 2012"
667,NV3500 HD Cargo,Nissan,"2021, 2020, 2019, 2018, 2017, 2016, 2015, 2014, 2013, 2012"
668,NV3500 HD Passenger,Nissan,"2021, 2020, 2019, 2018, 2017, 2016, 2015, 2014, 2013, 2012"
669,NX,Lexus,"2022, 2021, 2020, 2019, 2018, 2017, 2016, 2015"
670,NX,Nissan,"1993, 1992"
671,Oasis,Isuzu,"1999, 1998, 1997, 1996"
672,Odyssey,Honda,"2023, 2022, 2021, 2020, 2019, 2018, 2017, 2016, 2015, 2014, 2013, 2012, 2011, 2010, 2009, 2008, 2007, 2006, 2005, 2004, 2003, 2002, 2001, 2000, 1999, 1998, 1997, 1996, 1995"
673,Optima,Kia,"2020, 2019, 2018, 2017, 2016, 2015, 2014, 2013, 2012, 2011, 2010, 2009, 2008, 2007, 2006, 2005, 2004, 2003, 2002, 2001"
674,Optima (2006.5),Kia,2006
675,Optima Hybrid,Kia,"2020, 2019, 2018, 2017, 2016, 2015"
676,Optima Plug-in Hybrid,Kia,"2020, 2019, 2018, 2017"
677,Outback,Subaru,"2022, 2021, 2020, 2019, 2018, 2017, 2016, 2015, 2014, 2013, 2012, 2011, 2010, 2009, 2008, 2007, 2006, 2005, 2004, 2003, 2002, 2001, 2000"
678,Outlander,Mitsubishi,"2022, 2020, 2019, 2018, 2017, 2016, 2015, 2014, 2013, 2012, 2011, 2010, 2009, 2008, 2007, 2006, 2005, 2004, 2003"
679,Outlander PHEV,Mitsubishi,"2022, 2021, 2020, 2019, 2018"
680,Outlander Sport,Mitsubishi,"2022, 2021, 2020, 2019, 2018, 2017, 2016, 2015, 2014, 2013, 2012, 2011"
681,Outlook,Saturn,"2010, 2009, 2008, 2007"
682,P1,McLaren,"2015, 2014"
683,Paceman,MINI,"2016, 2015, 2014, 2013"
684,Pacifica,Chrysler,"2023, 2022, 2021, 2020, 2019, 2018, 2017, 2008, 2007, 2006, 2005, 2004"
685,Pacifica Hybrid,Chrysler,"2022, 2021, 2020, 2019, 2018, 2017"
686,Palisade,Hyundai,"2022, 2021, 2020"
687,Panamera,Porsche,"2022, 2021, 2020, 2019, 2018, 2017, 2016, 2015, 2014, 2013, 2012, 2011, 2010"
688,Park Avenue,Buick,"2005, 2004, 2003, 2002, 2001, 2000, 1999, 1998, 1997, 1996, 1995, 1994, 1993, 1992"
689,Paseo,Toyota,"1997, 1996, 1995, 1994, 1993, 1992"
690,Passat,Volkswagen,"2022, 2021, 2020, 2019, 2018, 2017, 2016, 2015, 2014, 2013, 2012, 2010, 2009, 2008, 2007, 2006, 2005, 2004, 2003, 2002, 2001, 2000, 1999, 1998, 1997, 1996, 1995, 1994, 1993, 1992"
691,Passat (New),Volkswagen,2001
692,Passport,Honda,"2022, 2021, 2020, 2019, 2002, 2001, 2000, 1999, 1998, 1997, 1996, 1995, 1994"
693,Pathfinder,Nissan,"2022, 2020, 2019, 2018, 2017, 2016, 2015, 2014, 2013, 2012, 2011, 2010, 2009, 2008, 2007, 2006, 2005, 2004, 2003, 2002, 2001, 2000, 1999, 1998, 1997, 1996, 1995, 1994, 1993, 1992"
694,Pathfinder Armada,Nissan,2004
695,Patriot,Jeep,"2017, 2016, 2015, 2014, 2013, 2012, 2011, 2010, 2009, 2008, 2007"
696,Phaeton,Volkswagen,"2006, 2005, 2004"
697,Phantom,Rolls-Royce,"2022, 2021, 2020, 2019, 2018, 2016, 2015, 2014, 2013, 2012, 2011, 2010, 2009, 2008, 2007, 2006, 2005"
698,Pilot,Honda,"2022, 2021, 2020, 2019, 2018, 2017, 2016, 2015, 2014, 2013, 2012, 2011, 2010, 2009, 2008, 2007, 2006, 2005, 2004, 2003"
699,Portofino,Ferrari,"2021, 2020, 2019, 2018"
700,Precis,Mitsubishi,"1994, 1993, 1992"
701,Prelude,Honda,"2001, 2000, 1999, 1998, 1997, 1996, 1995, 1994, 1993, 1992"
702,Premier,Eagle,1992
703,Previa,Toyota,"1997, 1996, 1995, 1994, 1993, 1992"
704,Prius,Toyota,"2022, 2021, 2020, 2019, 2018, 2017, 2016, 2015, 2014, 2013, 2012, 2011, 2010, 2009, 2008, 2007, 2006, 2005, 2004, 2003, 2002, 2001"
705,Prius c,Toyota,"2019, 2018, 2017, 2016, 2015, 2014, 2013, 2012"
706,Prius Plug-in Hybrid,Toyota,"2015, 2014, 2013, 2012"
707,Prius Prime,Toyota,"2022, 2021, 2020, 2019, 2018, 2017"
708,Prius v,Toyota,"2017, 2016, 2015, 2014, 2013, 2012"
709,Prizm,Chevrolet,"2002, 2001, 2000, 1999, 1998"
710,Prizm,Geo,"1997, 1996, 1995, 1994, 1993, 1992"
711,Probe,Ford,"1997, 1996, 1995, 1994, 1993, 1992"
712,ProMaster 1500 Cargo,Ram,2014
713,ProMaster 2500 Cargo,Ram,2014
714,ProMaster 3500 Cargo,Ram,2014
715,ProMaster Cargo Van,Ram,"2022, 2021, 2020, 2019, 2018, 2017, 2016, 2015"
716,ProMaster City,Ram,"2022, 2021, 2020, 2019, 2018, 2017, 2016, 2015"
717,ProMaster Window Van,Ram,"2022, 2021, 2020, 2019, 2018, 2017, 2016, 2015"
718,Protege,MAZDA,"2003, 2002, 2001, 2000, 1999, 1998, 1997, 1996, 1995, 1994, 1993, 1992"
719,Protege5,MAZDA,"2003, 2002"
720,Prowler,Chrysler,"2002, 2001"
721,Prowler,Plymouth,"2000, 1999, 1997"
722,PT Cruiser,Chrysler,"2010, 2009, 2008, 2007, 2006, 2005, 2004, 2003, 2002, 2001"
723,Q,INFINITI,"2006, 2005, 2004, 2003, 2002, 2001, 2000, 1999, 1998, 1997, 1996, 1995, 1994, 1993, 1992"
724,Q3,Audi,"2022, 2021, 2020, 2019, 2018, 2017, 2016, 2015"
725,Q4 e-tron,Audi,2022
726,Q4 Sportback e-tron,Audi,2022
727,Q40,INFINITI,2015
728,Q5,Audi,"2022, 2021, 2020, 2019, 2018, 2017, 2016, 2015, 2014, 2013, 2012, 2011, 2010, 2009"
729,Q5 Sportback,Audi,"2022, 2021"
730,Q50,INFINITI,"2022, 2021, 2020, 2019, 2018, 2017, 2016, 2015, 2014"
731,Q60,INFINITI,"2022, 2021, 2020, 2019, 2018, 2017, 2015, 2014"
732,Q7,Audi,"2022, 2021, 2020, 2019, 2018, 2017, 2015, 2014, 2013, 2012, 2011, 2010, 2009, 2008, 2007"
733,Q70,INFINITI,"2019, 2018, 2017, 2016, 2015, 2014"
734,Q8,Audi,"2022, 2021, 2020, 2019"
735,Quattro,Audi,"1994, 1993, 1992"
736,Quattroporte,Maserati,"2022, 2021, 2020, 2019, 2018, 2017, 2016, 2015, 2014, 2013, 2012, 2011, 2010, 2009, 2008, 2007, 2006, 2005"
737,Quest,Nissan,"2017, 2016, 2015, 2014, 2013, 2012, 2011, 2009, 2008, 2007, 2006, 2005, 2004, 2002, 2001, 2000, 1999, 1998, 1997, 1996, 1995, 1994, 1993"
738,QX,INFINITI,"2013, 2012, 2011, 2010, 2009, 2008, 2007, 2006, 2005, 2004, 2003, 2002, 2001, 2000, 1999, 1998, 1997"
739,QX30,INFINITI,"2019, 2018, 2017"
740,QX50,INFINITI,"2022, 2021, 2020, 2019, 2017, 2016, 2015, 2014"
741,QX55,INFINITI,2022
742,QX60,INFINITI,"2022, 2020, 2019, 2018, 2017, 2016, 2015, 2014"
743,QX70,INFINITI,"2017, 2016, 2015, 2014"
744,QX80,INFINITI,"2022, 2021, 2020, 2019, 2018, 2017, 2016, 2015, 2014"
745,R-Class,Mercedes-Benz,"2012, 2011, 2010, 2009, 2008, 2007, 2006"
746,R1S,Rivian,2022
747,R1T,Rivian,2022
748,R32,Volkswagen,"2008, 2004"
749,R8,Audi,"2022, 2021, 2020, 2018, 2017, 2015, 2014, 2012, 2011, 2010, 2009, 2008"
750,Rabbit,Volkswagen,"2009, 2008, 2007, 2006"
751,Raider Double Cab,Mitsubishi,"2009, 2008, 2007, 2006"
752,Raider Extended Cab,Mitsubishi,"2009, 2008, 2007, 2006"
753,Rainier,Buick,"2007, 2006, 2005, 2004"
754,Rally Wagon 1500,GMC,"1993, 1992"
755,Rally Wagon 2500,GMC,"1994, 1993, 1992"
756,Rally Wagon 3500,GMC,"1994, 1993, 1992"
757,Rally Wagon G2500,GMC,1995
758,Rally Wagon G3500,GMC,"1996, 1995"
759,Ram 1500 Club Cab,Dodge,"2001, 2000, 1999, 1998, 1997, 1996, 1995"
760,Ram 1500 Crew Cab,Dodge,"2010, 2009"
761,Ram 1500 Mega Cab,Dodge,"2008, 2007, 2006"
762,Ram 1500 Quad Cab,Dodge,"2010, 2009, 2008, 2007, 2006, 2005, 2004, 2003, 2002, 2001, 2000, 1999, 1998"
763,Ram 1500 Regular Cab,Dodge,"2010, 2009, 2008, 2007, 2006, 2005, 2004, 2003, 2002, 2001, 2000, 1999, 1998, 1997, 1996, 1995, 1994"
764,Ram 2500 Club Cab,Dodge,"1999, 1998, 1997, 1996, 1995"
765,Ram 2500 Crew Cab,Dodge,2010
766,Ram 2500 Mega Cab,Dodge,"2010, 2009, 2008, 2007, 2006"
767,Ram 2500 Quad Cab,Dodge,"2009, 2008, 2007, 2006, 2005, 2004, 2003, 2002, 2001, 2000, 1999, 1998"
768,Ram 2500 Regular Cab,Dodge,"2010, 2009, 2008, 2007, 2006, 2005, 2004, 2003, 2002, 2001, 2000, 1999, 1998, 1997, 1996, 1995, 1994"
769,Ram 3500 Club Cab,Dodge,"1997, 1996, 1995"
770,Ram 3500 Crew Cab,Dodge,2010
771,Ram 3500 Mega Cab,Dodge,"2010, 2009, 2008, 2007, 2006"
772,Ram 3500 Quad Cab,Dodge,"2009, 2008, 2007, 2006, 2005, 2004, 2003, 2002, 2001, 2000, 1999, 1998"
773,Ram 3500 Regular Cab,Dodge,"2010, 2009, 2008, 2007, 2006, 2005, 2004, 2003, 2002, 2001, 2000, 1999, 1998, 1997, 1996, 1995, 1994"
774,Ram 50 Regular Cab,Dodge,"1993, 1992"
775,Ram Van 1500,Dodge,"2003, 2002, 2001, 2000, 1999, 1998, 1997, 1996, 1995"
776,Ram Van 2500,Dodge,"2003, 2002, 2001, 2000, 1999, 1998, 1997, 1996, 1995"
777,Ram Van 3500,Dodge,"2003, 2002, 2001, 2000, 1999, 1998, 1997, 1996, 1995"
778,Ram Van B150,Dodge,"1994, 1993, 1992"
779,Ram Van B250,Dodge,"1994, 1993, 1992"
780,Ram Van B350,Dodge,"1994, 1993, 1992"
781,Ram Wagon 1500,Dodge,"2002, 2001, 2000, 1999, 1998, 1997, 1996, 1995"
782,Ram Wagon 2500,Dodge,"2002, 2001, 2000, 1999, 1998, 1997, 1996, 1995"
783,Ram Wagon 3500,Dodge,"2002, 2001, 2000, 1999, 1998, 1997, 1996, 1995"
784,Ram Wagon B150,Dodge,"1994, 1993, 1992"
785,Ram Wagon B250,Dodge,"1994, 1993, 1992"
786,Ram Wagon B350,Dodge,"1994, 1993, 1992"
787,Ramcharger,Dodge,"1993, 1992"
788,Range Rover,Land Rover,"2022, 2021, 2020, 2019, 2018, 2017, 2016, 2015, 2014, 2013, 2012, 2011, 2010, 2009, 2008, 2007, 2006, 2005, 2004, 2003, 2002, 2001, 2000, 1999, 1998, 1997, 1996, 1995, 1994, 1993, 1992"
789,Range Rover Evoque,Land Rover,"2022, 2021, 2020, 2019, 2018, 2017, 2016, 2015, 2014, 2013, 2012"
790,Range Rover Sport,Land Rover,"2022, 2021, 2020, 2019, 2018, 2017, 2016, 2015, 2014, 2013, 2012, 2011, 2010, 2009, 2008, 2007, 2006"
791,Range Rover Velar,Land Rover,"2022, 2021, 2020, 2019, 2018"
792,Ranger Regular Cab,Ford,"2011, 2010, 2009, 2008, 2007, 2006, 2005, 2004, 2003, 2002, 2001, 2000, 1999, 1998, 1997, 1996, 1995, 1994, 1993, 1992"
793,Ranger Super Cab,Ford,"2011, 2010, 2009, 2008, 2007, 2006, 2005, 2004, 2003, 2002, 2001, 2000, 1999, 1998, 1997, 1996, 1995, 1994, 1993, 1992"
794,Ranger SuperCab,Ford,"2022, 2021, 2020, 2019"
795,Ranger SuperCrew,Ford,"2022, 2021, 2020, 2019"
796,Rapide,Aston Martin,"2012, 2011, 2010"
797,Rapide S,Aston Martin,"2017, 2016, 2015, 2014"
798,RAV4,Toyota,"2022, 2021, 2020, 2019, 2018, 2017, 2016, 2015, 2014, 2013, 2012, 2011, 2010, 2009, 2008, 2007, 2006, 2005, 2004, 2003, 2002, 2001, 2000, 1999, 1998, 1997, 1996"
799,RAV4 Hybrid,Toyota,"2022, 2021, 2020, 2019, 2018, 2017"
800,RAV4 Prime,Toyota,"2022, 2021"
801,RC,Lexus,"2022, 2021, 2020, 2019, 2018, 2017, 2016, 2015"
802,RDX,Acura,"2022, 2021, 2020, 2019, 2018, 2017, 2016, 2015, 2014, 2013, 2012, 2011, 2010, 2009, 2008, 2007"
803,Regal,Buick,"2017, 2016, 2015, 2014, 2013, 2012, 2011, 2004, 2003, 2002, 2001, 2000, 1999, 1998, 1997, 1996, 1995, 1994, 1993, 1992"
804,Regal Sportback,Buick,"2020, 2019, 2018"
805,Regal TourX,Buick,"2020, 2019, 2018"
806,Regency,Oldsmobile,"1998, 1997"
807,Regular Cab,Isuzu,"1995, 1994, 1993, 1992"
808,Regular Cab,Nissan,"1997, 1996, 1995, 1994, 1993, 1992"
809,Regular Cab,Toyota,"1995, 1994, 1993, 1992"
810,Relay,Saturn,"2007, 2006, 2005"
811,Rendezvous,Buick,"2007, 2006, 2005, 2004, 2003, 2002"
812,Renegade,Jeep,"2022, 2021, 2020, 2019, 2018, 2017, 2016, 2015"
813,Reno,Suzuki,"2008, 2007, 2006, 2005"
814,Ridgeline,Honda,"2023, 2022, 2021, 2020, 2019, 2018, 2017, 2014, 2013, 2012, 2011, 2010, 2009, 2008, 2007, 2006"
815,Rio,Kia,"2023, 2022, 2021, 2020, 2019, 2018, 2017, 2016, 2015, 2014, 2013, 2012, 2011, 2010, 2009, 2008, 2007, 2006, 2005, 2004, 2003, 2002, 2001"
816,Riviera,Buick,"1999, 1998, 1997, 1996, 1995, 1993, 1992"
817,RL,Acura,"2012, 2011, 2010, 2009, 2008, 2007, 2006, 2005, 2004, 2003, 2002, 2001, 2000, 1999, 1998, 1997, 1996"
818,RLX,Acura,"2020, 2019, 2018, 2017, 2016, 2015, 2014"
819,RLX Sport Hybrid,Acura,"2020, 2019, 2018, 2017, 2016, 2014"
820,Roadmaster,Buick,"1996, 1995, 1994, 1993, 1992"
821,Roadster,MINI,"2015, 2014, 2013, 2012"
822,Rocky,Daihatsu,1992
823,Rodeo,Isuzu,"2004, 2003, 2002, 2001, 2000, 1999, 1998, 1997, 1996, 1995, 1994, 1993, 1992"
824,Rodeo Sport,Isuzu,"2003, 2002, 2001"
825,Rogue,Nissan,"2022, 2021, 2020, 2019, 2018, 2017, 2016, 2015, 2014, 2013, 2012, 2011, 2010, 2009, 2008"
826,Rogue Select,Nissan,"2015, 2014"
827,Rogue Sport,Nissan,"2022, 2021, 2020, 2019, 2018, 2017"
828,Roma,Ferrari,"2022, 2021"
829,Rondo,Kia,"2010, 2009, 2008, 2007"
830,Routan,Volkswagen,"2014, 2013, 2012, 2011, 2010, 2009"
831,RS 3,Audi,"2022, 2020, 2019, 2018, 2017"
832,RS 4,Audi,"2008, 2007"
833,RS 5,Audi,"2022, 2021, 2019, 2018, 2015, 2014, 2013"
834,RS 6,Audi,"2022, 2021, 2003"
835,RS 7,Audi,"2022, 2021, 2018, 2017, 2016, 2015, 2014"
836,RS e-tron GT,Audi,2022
837,RS Q8,Audi,"2022, 2021, 2020"
838,RSX,Acura,"2006, 2005, 2004, 2003, 2002"
839,RX,Lexus,"2022, 2021, 2020, 2019, 2018, 2017, 2016, 2015, 2014, 2013, 2012, 2011, 2010, 2009, 2008, 2007, 2006, 2005, 2004, 2003, 2002, 2001, 2000, 1999"
840,RX-7,MAZDA,"1995, 1994, 1993"
841,RX-8,MAZDA,"2011, 2010, 2009, 2008, 2007, 2006, 2005, 2004"
842,S-Class,Mercedes-Benz,"2023, 2022, 2021, 2020, 2019, 2018, 2017, 2016, 2015, 2014, 2013, 2012, 2011, 2010, 2009, 2008, 2007, 2006, 2005, 2004, 2003, 2002, 2001, 2000, 1999, 1998, 1997, 1996, 1995, 1994"
843,S-Series,Saturn,"2002, 2001, 2000, 1999, 1998, 1997, 1996, 1995, 1994, 1993, 1992"
844,S-Type,Jaguar,"2008, 2007, 2006, 2005, 2004, 2003, 2002, 2001, 2000"
845,S10 Blazer,Chevrolet,"1994, 1993, 1992"
846,S10 Crew Cab,Chevrolet,"2004, 2003, 2002, 2001"
847,S10 Extended Cab,Chevrolet,"2003, 2002, 2001, 2000, 1999, 1998, 1997, 1996, 1995, 1994, 1993, 1992"
848,S10 Regular Cab,Chevrolet,"2003, 2002, 2001, 2000, 1999, 1998, 1997, 1996, 1995, 1994, 1993, 1992"
849,S2000,Honda,"2009, 2008, 2007, 2006, 2005, 2004, 2003, 2002, 2001, 2000"
850,S3,Audi,"2022, 2020, 2019, 2018, 2017, 2016, 2015"
851,S4,Audi,"2022, 2021, 2020, 2019, 2018, 2016, 2015, 2014, 2013, 2012, 2011, 2010, 2009, 2008, 2007, 2006, 2005, 2004, 2002, 2001, 2000, 1994, 1993, 1992"
852,S4 (2005.5),Audi,2005
853,S40,Volvo,"2011, 2010, 2009, 2008, 2007, 2006, 2005, 2004, 2003, 2002, 2001, 2000"
854,S40 (New),Volvo,2004
855,S5,Audi,"2022, 2021, 2020, 2019, 2018, 2017, 2016, 2015, 2014, 2013, 2012, 2011, 2010, 2009, 2008"
856,S6,Audi,"2022, 2021, 2020, 2018, 2017, 2016, 2015, 2014, 2013, 2011, 2010, 2009, 2008, 2007, 2003, 2002, 1995"
857,S60,Volvo,"2022, 2021, 2020, 2019, 2018, 2017, 2016, 2015, 2014, 2013, 2012, 2011, 2009, 2008, 2007, 2006, 2005, 2004, 2003, 2002, 2001"
858,S7,Audi,"2022, 2021, 2020, 2018, 2017, 2016, 2015, 2014, 2013"
859,S70,Volvo,"2000, 1999, 1998"
860,S8,Audi,"2023, 2022, 2021, 2020, 2018, 2017, 2016, 2015, 2014, 2013, 2009, 2008, 2007, 2003, 2002, 2001"
861,S80,Volvo,"2016, 2015, 2014, 2013, 2012, 2011, 2010, 2009, 2008, 2007, 2006, 2005, 2004, 2003, 2002, 2001, 2000, 1999"
862,S90,Volvo,"2022, 2021, 2020, 2019, 2018, 2017, 1998, 1997"
863,Sable,Mercury,"2009, 2008, 2005, 2004, 2003, 2002, 2001, 2000, 1999, 1998, 1997, 1996, 1995, 1994, 1993, 1992"
864,Safari Cargo,GMC,"2005, 2004, 2003, 2002, 2001, 2000, 1999, 1998, 1997, 1996, 1995, 1994, 1993, 1992"
865,Safari Passenger,GMC,"2005, 2004, 2003, 2002, 2001, 2000, 1999, 1998, 1997, 1996, 1995, 1994, 1993, 1992"
866,Samurai,Suzuki,"1995, 1994, 1993, 1992"
867,Santa Cruz,Hyundai,2022
868,Santa Fe,Hyundai,"2022, 2021, 2020, 2019, 2018, 2017, 2016, 2015, 2014, 2013, 2012, 2011, 2010, 2009, 2008, 2007, 2006, 2005, 2004, 2003, 2002, 2001"
869,Santa Fe Hybrid,Hyundai,"2022, 2021"
870,Santa Fe Plug-in Hybrid,Hyundai,2022
871,Santa Fe Sport,Hyundai,"2018, 2017, 2016, 2015, 2014, 2013"
872,Santa Fe XL,Hyundai,2019
873,Savana 1500 Cargo,GMC,"2014, 2013, 2012, 2011, 2010, 2009, 2008, 2007, 2006, 2005, 2004, 2003, 2002, 2001, 2000, 1999, 1998, 1997, 1996"
874,Savana 1500 Passenger,GMC,"2014, 2013, 2012, 2011, 2010, 2009, 2008, 2007, 2006, 2005, 2004, 2003, 2002, 2001, 2000, 1999, 1998, 1997, 1996"
875,Savana 2500 Cargo,GMC,"2022, 2021, 2020, 2019, 2018, 2017, 2016, 2015, 2014, 2013, 2012, 2011, 2010, 2009, 2008, 2007, 2006, 2005, 2004, 2003, 2002, 2001, 2000, 1999, 1998, 1997, 1996"
876,Savana 2500 Passenger,GMC,"2022, 2021, 2020, 2019, 2018, 2017, 2016, 2015, 2014, 2013, 2012, 2011, 2010, 2009, 2008, 2007, 2006, 2005, 2004, 2003, 2002, 2001, 2000, 1999, 1998, 1997, 1996"
877,Savana 3500 Cargo,GMC,"2022, 2021, 2020, 2019, 2018, 2017, 2016, 2015, 2014, 2013, 2012, 2011, 2010, 2009, 2008, 2007, 2006, 2005, 2004, 2003, 2002, 2001, 2000, 1999, 1998, 1997, 1996"
878,Savana 3500 Passenger,GMC,"2022, 2021, 2020, 2019, 2018, 2017, 2016, 2015, 2014, 2013, 2012, 2011, 2010, 2009, 2008, 2007, 2006, 2005, 2004, 2003, 2002, 2001, 2000, 1999, 1998, 1997, 1996"
879,SC,Lexus,"2010, 2009, 2008, 2007, 2006, 2005, 2004, 2003, 2002, 2000, 1999, 1998, 1997, 1996, 1995, 1994, 1993, 1992"
880,Scoupe,Hyundai,"1995, 1994, 1993, 1992"
881,Sebring,Chrysler,"2010, 2009, 2008, 2007, 2006, 2005, 2004, 2003, 2002, 2001, 2000, 1999, 1998, 1997, 1996, 1995"
882,Sedona,Kia,"2021, 2020, 2019, 2018, 2017, 2016, 2015, 2014, 2012, 2011, 2010, 2009, 2008, 2007, 2006, 2005, 2004, 2003, 2002"
883,Seltos,Kia,"2022, 2021"
884,Sentra,Nissan,"2022, 2021, 2020, 2019, 2018, 2017, 2016, 2015, 2014, 2013, 2012, 2011, 2010, 2009, 2008, 2007, 2006, 2005, 2004, 2003, 2002, 2001, 2000, 1999, 1998, 1997, 1996, 1995, 1994, 1993, 1992"
885,Sephia,Kia,"2001, 2000, 1999, 1998, 1997, 1996, 1995, 1994"
886,Sequoia,Toyota,"2022, 2021, 2020, 2019, 2018, 2017, 2016, 2015, 2014, 2013, 2012, 2011, 2010, 2009, 2008, 2007, 2006, 2005, 2004, 2003, 2002, 2001"
887,Seville,Cadillac,"2004, 2003, 2002, 2001, 2000, 1999, 1998, 1997, 1996, 1995, 1994, 1993, 1992"
888,SF90,Ferrari,"2022, 2021, 2020"
889,Shadow,Dodge,"1994, 1993, 1992"
890,Sidekick,Suzuki,"1998, 1997, 1996, 1995, 1994, 1993, 1992"
891,Sienna,Toyota,"2023, 2022, 2021, 2020, 2019, 2018, 2017, 2016, 2015, 2014, 2013, 2012, 2011, 2010, 2009, 2008, 2007, 2006, 2005, 2004, 2003, 2002, 2001, 2000, 1999, 1998"
892,Sierra (Classic) 1500 Crew Cab,GMC,2007
893,Sierra (Classic) 1500 Extended Cab,GMC,2007
894,Sierra (Classic) 1500 HD Crew Cab,GMC,2007
895,Sierra (Classic) 1500 Regular Cab,GMC,2007
896,Sierra (Classic) 2500 Crew Cab,GMC,2000
897,Sierra (Classic) 2500 HD Crew Cab,GMC,2007
898,Sierra (Classic) 2500 HD Extended Cab,GMC,"2007, 2000"
899,Sierra (Classic) 2500 HD Regular Cab,GMC,"2007, 2000"
900,Sierra (Classic) 3500 Crew Cab,GMC,"2007, 2000"
901,Sierra (Classic) 3500 Extended Cab,GMC,"2007, 2000"
902,Sierra (Classic) 3500 Regular Cab,GMC,"2007, 2000"
903,Sierra 1500 Crew Cab,GMC,"2022, 2021, 2020, 2019, 2018, 2017, 2016, 2015, 2014, 2013, 2012, 2011, 2010, 2009, 2008, 2007, 2006, 2005, 2004"
904,Sierra 1500 Double Cab,GMC,"2022, 2021, 2020, 2019, 2018, 2017, 2016, 2015, 2014"
905,Sierra 1500 Extended Cab,GMC,"2013, 2012, 2011, 2010, 2009, 2008, 2007, 2006, 2005, 2004, 2003, 2002, 2001, 2000, 1999"
906,Sierra 1500 HD Crew Cab,GMC,"2006, 2005, 2003, 2002, 2001"
907,Sierra 1500 Limited Crew Cab,GMC,2022
908,Sierra 1500 Limited Double Cab,GMC,"2022, 2019"
909,Sierra 1500 Limited Regular Cab,GMC,2022
910,Sierra 1500 Regular Cab,GMC,"2022, 2021, 2020, 2019, 2018, 2017, 2016, 2015, 2014, 2013, 2012, 2011, 2010, 2009, 2008, 2007, 2006, 2005, 2004, 2003, 2002, 2001, 2000, 1999"
911,Sierra 2500 Crew Cab,GMC,2004
912,Sierra 2500 Extended Cab,GMC,"2004, 2003, 2002, 2001, 2000, 1999"
913,Sierra 2500 HD Crew Cab,GMC,"2022, 2021, 2020, 2019, 2018, 2017, 2016, 2015, 2014, 2013, 2012, 2011, 2010, 2009, 2008, 2007, 2006, 2005, 2004, 2003, 2002, 2001"
914,Sierra 2500 HD Double Cab,GMC,"2022, 2021, 2020, 2019, 2018, 2017, 2016, 2015"
915,Sierra 2500 HD Extended Cab,GMC,"2013, 2012, 2011, 2010, 2009, 2008, 2007, 2006, 2005, 2004, 2003, 2002, 2001, 2000, 1999"
916,Sierra 2500 HD Regular Cab,GMC,"2022, 2021, 2020, 2019, 2018, 2017, 2016, 2015, 2014, 2013, 2012, 2011, 2010, 2009, 2008, 2007, 2006, 2005, 2004, 2003, 2002, 2001, 2000, 1999"
917,Sierra 2500 Regular Cab,GMC,"2004, 2003, 2002, 2001, 2000, 1999"
918,Sierra 3500 Crew Cab,GMC,"2006, 2005, 2004, 2003, 2002, 2001"
919,Sierra 3500 Extended Cab,GMC,"2006, 2005, 2004, 2003, 2002, 2001"
920,Sierra 3500 HD Crew Cab,GMC,"2022, 2021, 2020, 2019, 2018, 2017, 2016, 2015, 2014, 2013, 2012, 2011, 2010, 2009, 2008, 2007"
921,Sierra 3500 HD Double Cab,GMC,"2022, 2021, 2020, 2018, 2017, 2016, 2015"
922,Sierra 3500 HD Extended Cab,GMC,"2013, 2012, 2011, 2010, 2009, 2008, 2007"
923,Sierra 3500 HD Regular Cab,GMC,"2022, 2021, 2020, 2018, 2017, 2016, 2015, 2014, 2013, 2012, 2011, 2010, 2009, 2008, 2007"
924,Sierra 3500 Regular Cab,GMC,"2006, 2005, 2004, 2003, 2002, 2001"
925,Silhouette,Oldsmobile,"2004, 2003, 2002, 2001, 2000, 1999, 1998, 1997, 1996, 1995, 1994, 1993, 1992"
926,Silverado (Classic) 1500 Crew Cab,Chevrolet,2007
927,Silverado (Classic) 1500 Extended Cab,Chevrolet,2007
928,Silverado (Classic) 1500 HD Crew Cab,Chevrolet,2007
929,Silverado (Classic) 1500 Regular Cab,Chevrolet,2007
930,Silverado (Classic) 2500 HD Crew Cab,Chevrolet,2007
931,Silverado (Classic) 2500 HD Extended Cab,Chevrolet,2007
932,Silverado (Classic) 2500 HD Regular Cab,Chevrolet,2007
933,Silverado (Classic) 3500 Crew Cab,Chevrolet,2007
934,Silverado (Classic) 3500 Extended Cab,Chevrolet,2007
935,Silverado (Classic) 3500 Regular Cab,Chevrolet,2007
936,Silverado 1500 Crew Cab,Chevrolet,"2022, 2021, 2020, 2019, 2018, 2017, 2016, 2015, 2014, 2013, 2012, 2011, 2010, 2009, 2008, 2007, 2006, 2005, 2004"
937,Silverado 1500 Double Cab,Chevrolet,"2022, 2021, 2020, 2019, 2018, 2017, 2016, 2015, 2014"
938,Silverado 1500 Extended Cab,Chevrolet,"2013, 2012, 2011, 2010, 2009, 2008, 2007, 2006, 2005, 2004, 2003, 2002, 2001, 2000, 1999"
939,Silverado 1500 HD Crew Cab,Chevrolet,"2006, 2005, 2003, 2002, 2001"
940,Silverado 1500 Limited Crew Cab,Chevrolet,2022
941,Silverado 1500 Limited Double Cab,Chevrolet,"2022, 2019"
942,Silverado 1500 Limited Regular Cab,Chevrolet,2022
943,Silverado 1500 Regular Cab,Chevrolet,"2022, 2021, 2020, 2019, 2018, 2017, 2016, 2015, 2014, 2013, 2012, 2011, 2010, 2009, 2008, 2007, 2006, 2005, 2004, 2003, 2002, 2001, 2000, 1999"
944,Silverado 2500 Crew Cab,Chevrolet,2004
945,Silverado 2500 Extended Cab,Chevrolet,"2004, 2003, 2002, 2001, 2000, 1999"
946,Silverado 2500 HD Crew Cab,Chevrolet,"2022, 2021, 2020, 2019, 2018, 2017, 2016, 2015, 2014, 2013, 2012, 2011, 2010, 2009, 2008, 2007, 2006, 2005, 2004, 2003, 2002, 2001"
947,Silverado 2500 HD Double Cab,Chevrolet,"2022, 2021, 2020, 2019, 2018, 2017, 2016, 2015"
948,Silverado 2500 HD Extended Cab,Chevrolet,"2013, 2012, 2011, 2010, 2009, 2008, 2007, 2006, 2005, 2004, 2003, 2002, 2001, 2000, 1999"
949,Silverado 2500 HD Regular Cab,Chevrolet,"2022, 2021, 2020, 2019, 2018, 2017, 2016, 2015, 2014, 2013, 2012, 2011, 2010, 2009, 2008, 2007, 2006, 2005, 2004, 2003, 2002, 2001, 2000, 1999"
950,Silverado 2500 Regular Cab,Chevrolet,"2004, 2003, 2002, 2001, 2000, 1999"
951,Silverado 3500 Crew Cab,Chevrolet,"2006, 2005, 2004, 2003, 2002, 2001"
952,Silverado 3500 Extended Cab,Chevrolet,"2006, 2005, 2004, 2003, 2002, 2001"
953,Silverado 3500 HD Crew Cab,Chevrolet,"2022, 2021, 2020, 2019, 2018, 2017, 2016, 2015, 2014, 2013, 2012, 2011, 2010, 2009, 2008, 2007"
954,Silverado 3500 HD Double Cab,Chevrolet,"2022, 2021, 2020, 2018, 2017, 2016, 2015"
955,Silverado 3500 HD Extended Cab,Chevrolet,"2013, 2012, 2011, 2010, 2009, 2008, 2007"
956,Silverado 3500 HD Regular Cab,Chevrolet,"2022, 2021, 2020, 2018, 2017, 2016, 2015, 2014, 2013, 2012, 2011, 2010, 2009, 2008, 2007"
957,Silverado 3500 Regular Cab,Chevrolet,"2006, 2005, 2004, 2003, 2002, 2001"
958,Sixty Special,Cadillac,1993
959,SKY,Saturn,"2010, 2009, 2008, 2007"
960,Skylark,Buick,"1998, 1997, 1996, 1995, 1994, 1993, 1992"
961,SL,Mercedes-Benz,"2020, 2019, 2018, 2017, 2016"
962,SL-Class,Mercedes-Benz,"2015, 2014, 2013, 2012, 2011, 2009, 2008, 2007, 2006, 2005, 2004, 2003, 2002, 2001, 2000, 1999, 1998, 1997, 1996, 1995, 1994"
963,SLC,Mercedes-Benz,"2020, 2019, 2018, 2017"
964,SLK,Mercedes-Benz,2016
965,SLK-Class,Mercedes-Benz,"2015, 2014, 2013, 2012, 2011, 2010, 2009, 2008, 2007, 2006, 2005, 2004, 2003, 2002, 2001, 2000, 1999, 1998"
966,SLR McLaren,Mercedes-Benz,"2009, 2008, 2007, 2006, 2005"
967,SLS-Class,Mercedes-Benz,"2015, 2014, 2013, 2012, 2011"
968,SLX,Acura,"1999, 1998, 1997, 1996"
969,Solara,Toyota,"2008, 2007, 2006, 2005, 2004, 2003, 2002, 2001, 2000, 1999"
970,Solstice,Pontiac,"2009, 2008, 2007, 2006"
971,Sonata,Hyundai,"2022, 2021, 2020, 2019, 2018, 2017, 2016, 2015, 2014, 2013, 2012, 2011, 2010, 2009, 2008, 2007, 2006, 2005, 2004, 2003, 2002, 2001, 2000, 1999, 1998, 1997, 1996, 1995, 1994, 1993, 1992"
972,Sonata Hybrid,Hyundai,"2022, 2021, 2020, 2019, 2018, 2017, 2016"
973,Sonata Plug-in Hybrid,Hyundai,"2019, 2018, 2017, 2016"
974,Sonic,Chevrolet,"2020, 2019, 2018, 2017, 2016, 2015, 2014, 2013, 2012"
975,Sonoma Club Cab,GMC,1992
976,Sonoma Club Coupe Cab,GMC,"1998, 1997, 1996, 1995, 1994, 1993"
977,Sonoma Crew Cab,GMC,"2004, 2003, 2002, 2001"
978,Sonoma Extended Cab,GMC,"2003, 2002, 2001, 2000, 1999"
979,Sonoma Regular Cab,GMC,"2003, 2002, 2001, 2000, 1999, 1998, 1997, 1996, 1995, 1994, 1993, 1992"
980,Sorento,Kia,"2022, 2021, 2020, 2019, 2018, 2017, 2016, 2015, 2014, 2013, 2012, 2011, 2009, 2008, 2007, 2006, 2005, 2004, 2003"
981,Sorento Hybrid,Kia,"2022, 2021"
982,Sorento Plug-in Hybrid,Kia,2022
983,Soul,Kia,"2022, 2021, 2020, 2019, 2018, 2017, 2016, 2015, 2014, 2013, 2012, 2011, 2010"
984,Soul EV,Kia,"2019, 2018, 2017, 2016, 2015"
985,Spacecab,Isuzu,"1994, 1993, 1992"
986,Spark,Chevrolet,"2022, 2021, 2020, 2019, 2018, 2017, 2016, 2015, 2014, 2013"
987,Spark EV,Chevrolet,"2016, 2015, 2014"
988,Spectra,Kia,"2009, 2008, 2007, 2006, 2005, 2004, 2003, 2002, 2001, 2000"
989,Spider,Alfa Romeo,"1994, 1993, 1992"
990,Spirit,Dodge,"1995, 1994, 1993, 1992"
991,Sportage,Kia,"2023, 2022, 2021, 2020, 2019, 2018, 2017, 2016, 2015, 2014, 2013, 2012, 2011, 2010, 2009, 2008, 2007, 2006, 2005, 2002, 2001, 2000, 1999, 1998, 1997, 1996, 1995"
992,Sportage Hybrid,Kia,2023
993,Sportage Plug-in Hybrid,Kia,2023
994,Sportvan G10,Chevrolet,"1993, 1992"
995,Sportvan G20,Chevrolet,"1995, 1994, 1993, 1992"
996,Sportvan G30,Chevrolet,"1996, 1995, 1994, 1993, 1992"
997,Sprinter 1500 Cargo,Freightliner,"2021, 2020, 2019"
998,Sprinter 1500 Cargo,Mercedes-Benz,"2022, 2021, 2020, 2019"
999,Sprinter 1500 Passenger,Freightliner,"2021, 2020, 2019"
1000,Sprinter 1500 Passenger,Mercedes-Benz,"2022, 2021, 2020, 2019"
1001,Sprinter 2500 Cargo,Dodge,"2009, 2008, 2007, 2006, 2005, 2004, 2003"
1002,Sprinter 2500 Cargo,Freightliner,"2021, 2020, 2019, 2018, 2017, 2016, 2015, 2014, 2013"
1003,Sprinter 2500 Cargo,Mercedes-Benz,"2023, 2022, 2021, 2020, 2019, 2018, 2017, 2016, 2015, 2014, 2013, 2012, 2011, 2010"
1004,Sprinter 2500 Crew,Freightliner,"2021, 2020, 2019, 2018, 2017, 2016, 2015, 2014, 2013"
1005,Sprinter 2500 Crew,Mercedes-Benz,"2023, 2022, 2021, 2020, 2019, 2018, 2017, 2016, 2015, 2014, 2013, 2012, 2011"
1006,Sprinter 2500 Passenger,Dodge,"2008, 2007, 2006, 2005, 2004, 2003"
1007,Sprinter 2500 Passenger,Freightliner,"2021, 2020, 2019, 2018, 2017, 2016, 2015, 2014, 2013"
1008,Sprinter 2500 Passenger,Mercedes-Benz,"2022, 2021, 2020, 2019, 2018, 2017, 2016, 2015, 2014, 2013, 2012, 2011"
1009,Sprinter 3500 Cargo,Dodge,"2008, 2007, 2006, 2005, 2004, 2003"
1010,Sprinter 3500 Cargo,Freightliner,"2021, 2020, 2019, 2018, 2017, 2016, 2015, 2014, 2013"
1011,Sprinter 3500 Cargo,Mercedes-Benz,"2022, 2021, 2020, 2019, 2018, 2017, 2016, 2015, 2014, 2013, 2012, 2011"
1012,Sprinter 3500 Crew,Freightliner,"2021, 2020, 2019"
1013,Sprinter 3500 Crew,Mercedes-Benz,"2022, 2021, 2020, 2019"
1014,Sprinter 3500 XD Cargo,Mercedes-Benz,"2022, 2021, 2020, 2019, 2018, 2017"
1015,Sprinter 3500 XD Crew,Freightliner,"2021, 2020, 2019"
1016,Sprinter 3500 XD Crew,Mercedes-Benz,"2022, 2021, 2020, 2019"
1017,Sprinter 3500XD Cargo,Freightliner,"2021, 2020, 2019, 2018, 2017"
1018,Sprinter 4500 Cargo,Freightliner,"2021, 2020, 2019"
1019,Sprinter 4500 Cargo,Mercedes-Benz,"2022, 2021, 2020, 2019"
1020,Sprinter 4500 Crew,Freightliner,"2021, 2020, 2019"
1021,Sprinter 4500 Crew,Mercedes-Benz,"2022, 2021, 2020, 2019"
1022,Sprinter WORKER Cargo,Freightliner,"2018, 2017"
1023,Sprinter WORKER Cargo,Mercedes-Benz,"2018, 2017"
1024,Sprinter WORKER Passenger,Freightliner,2017
1025,Sprinter WORKER Passenger,Mercedes-Benz,2017
1026,Spyder,Maserati,2005
1027,SQ5,Audi,"2022, 2021, 2020, 2019, 2018, 2017, 2016, 2015, 2014"
1028,SQ5 Sportback,Audi,"2022, 2021"
1029,SQ7,Audi,"2022, 2021, 2020"
1030,SQ8,Audi,"2022, 2021, 2020"
1031,SRX,Cadillac,"2016, 2015, 2014, 2013, 2012, 2011, 2010, 2009, 2008, 2007, 2006, 2005, 2004"
1032,SS,Chevrolet,"2017, 2016, 2015, 2014"
1033,SSR,Chevrolet,"2006, 2005, 2004, 2003"
1034,Stanza,Nissan,1992
1035,Stealth,Dodge,"1996, 1995, 1994, 1993, 1992"
1036,Stelvio,Alfa Romeo,"2022, 2021, 2020, 2019, 2018"
1037,Stinger,Kia,"2023, 2022, 2021, 2020, 2019, 2018"
1038,Storm,Geo,"1993, 1992"
1039,Stratus,Dodge,"2006, 2005, 2004, 2003, 2002, 2001, 2000, 1999, 1998, 1997, 1996, 1995"
1040,STS,Cadillac,"2011, 2010, 2009, 2008, 2007, 2006, 2005"
1041,Stylus,Isuzu,"1993, 1992"
1042,Suburban,Chevrolet,"2023, 2022, 2021, 2020, 2019, 2018, 2017, 2016, 2015"
1043,Suburban 1500,Chevrolet,"2014, 2013, 2012, 2011, 2010, 2009, 2008, 2007, 2006, 2005, 2004, 2003, 2002, 2001, 2000, 1999, 1998, 1997, 1996, 1995, 1994, 1993, 1992"
1044,Suburban 1500,GMC,"1999, 1998, 1997, 1996, 1995, 1994, 1993, 1992"
1045,Suburban 2500,Chevrolet,"2013, 2012, 2011, 2010, 2009, 2008, 2007, 2006, 2005, 2004, 2003, 2002, 2001, 2000, 1999, 1998, 1997, 1996, 1995, 1994, 1993, 1992"
1046,Suburban 2500,GMC,"1999, 1998, 1997, 1996, 1995, 1994, 1993, 1992"
1047,Suburban 3500HD,Chevrolet,"2019, 2018, 2017, 2016"
1048,Summit,Eagle,"1996, 1995, 1994, 1993, 1992"
1049,Sunbird,Pontiac,"1994, 1993, 1992"
1050,Sundance,Plymouth,"1994, 1993, 1992"
1051,Sunfire,Pontiac,"2005, 2004, 2003, 2002, 2001, 2000, 1999, 1998, 1997, 1996, 1995"
1052,Supra,Toyota,"1998, 1997, 1996, 1995, 1994, 1993, 1992"
1053,SVX,Subaru,"1997, 1996, 1995, 1994, 1993, 1992"
1054,Swift,Suzuki,"2001, 2000, 1999, 1998, 1997, 1996, 1995, 1994, 1993, 1992"
1055,SX4,Suzuki,"2013, 2012, 2011, 2010, 2009, 2008, 2007"
1056,T100 Regular Cab,Toyota,"1998, 1997, 1996, 1995, 1994, 1993"
1057,T100 Xtracab,Toyota,"1998, 1997, 1996, 1995"
1058,Tacoma Access Cab,Toyota,"2022, 2021, 2020, 2019, 2018, 2017, 2016, 2015, 2014, 2013, 2012, 2011, 2010, 2009, 2008, 2007, 2006, 2005"
1059,Tacoma Double Cab,Toyota,"2022, 2021, 2020, 2019, 2018, 2017, 2016, 2015, 2014, 2013, 2012, 2011, 2010, 2009, 2008, 2007, 2006, 2005, 2004, 2003, 2002, 2001"
1060,Tacoma Regular Cab,Toyota,"2014, 2013, 2012, 2011, 2010, 2009, 2008, 2007, 2006, 2005, 2004, 2003, 2002, 2001, 2000, 1999, 1998, 1997, 1996, 1995"
1061,Tacoma Xtracab,Toyota,"2004, 2003, 2002, 2001, 2000, 1999, 1998, 1997, 1996, 1995"
1062,Tahoe,Chevrolet,"2023, 2022, 2021, 2020, 2019, 2018, 2017, 2016, 2015, 2014, 2013, 2012, 2011, 2010, 2009, 2008, 2007, 2006, 2005, 2004, 2003, 2002, 2001, 2000, 1999, 1998, 1997, 1996, 1995"
1063,Tahoe (New),Chevrolet,2000
1064,Talon,Eagle,"1998, 1997, 1996, 1995, 1994, 1993, 1992"
1065,Taos,Volkswagen,2022
1066,Taurus,Ford,"2019, 2018, 2017, 2016, 2015, 2014, 2013, 2012, 2011, 2010, 2009, 2008, 2007, 2006, 2005, 2004, 2003, 2002, 2001, 2000, 1999, 1998, 1997, 1996, 1995, 1994, 1993, 1992"
1067,Taurus X,Ford,"2009, 2008"
1068,Taycan,Porsche,"2022, 2021, 2020"
1069,Taycan Cross Turismo,Porsche,"2022, 2021"
1070,tC,Scion,"2016, 2015, 2014, 2013, 2012, 2011, 2010, 2009, 2008, 2007, 2006, 2005"
1071,Telluride,Kia,"2022, 2021, 2020"
1072,Tempo,Ford,"1994, 1993, 1992"
1073,Tercel,Toyota,"1998, 1997, 1996, 1995, 1994, 1993, 1992"
1074,Terrain,GMC,"2022, 2021, 2020, 2019, 2018, 2017, 2016, 2015, 2014, 2013, 2012, 2011, 2010"
1075,Terraza,Buick,"2007, 2006, 2005"
1076,Thunderbird,Ford,"2005, 2004, 2003, 2002, 1997, 1996, 1995, 1994, 1993, 1992"
1077,Tiburon,Hyundai,"2008, 2007, 2006, 2005, 2004, 2003, 2001, 2000, 1999, 1998, 1997"
1078,Tiguan,Volkswagen,"2022, 2021, 2020, 2019, 2018, 2017, 2016, 2015, 2014, 2013, 2012, 2011, 2010, 2009"
1079,Tiguan Limited,Volkswagen,"2018, 2017"
1080,Titan Crew Cab,Nissan,"2022, 2021, 2020, 2019, 2018, 2017, 2015, 2014, 2013, 2012, 2011, 2010, 2009, 2008, 2007, 2006, 2005, 2004"
1081,Titan King Cab,Nissan,"2022, 2021, 2020, 2019, 2018, 2017, 2015, 2014, 2013, 2012, 2011, 2010, 2009, 2008, 2007, 2006, 2005, 2004"
1082,TITAN Single Cab,Nissan,"2019, 2018, 2017"
1083,TITAN XD Crew Cab,Nissan,"2022, 2021, 2020, 2019, 2018, 2017, 2016"
1084,TITAN XD King Cab,Nissan,"2019, 2018, 2017"
1085,TITAN XD Single Cab,Nissan,"2019, 2018, 2017"
1086,TL,Acura,"2014, 2013, 2012, 2011, 2010, 2009, 2008, 2007, 2006, 2005, 2004, 2003, 2002, 2001, 2000, 1999, 1998, 1997, 1996, 1995"
1087,TLX,Acura,"2022, 2021, 2020, 2019, 2018, 2017, 2016, 2015"
1088,Topaz,Mercury,"1994, 1993, 1992"
1089,Toronado,Oldsmobile,1992
1090,Torrent,Pontiac,"2009, 2008, 2007, 2006"
1091,Touareg,Volkswagen,"2017, 2016, 2015, 2014, 2013, 2012, 2011, 2010, 2007, 2006, 2005, 2004"
1092,Touareg 2,Volkswagen,"2009, 2008"
1093,Town & Country,Chrysler,"2016, 2015, 2014, 2013, 2012, 2011, 2010, 2009, 2008, 2007, 2006, 2005, 2004, 2003, 2002, 2001, 2000, 1999, 1998, 1997, 1996, 1995, 1994, 1993, 1992"
1094,Town Car,Lincoln,"2011, 2010, 2009, 2008, 2007, 2006, 2005, 2004, 2003, 2002, 2001, 2000, 1999, 1998, 1997, 1996, 1995, 1994, 1993, 1992"
1095,Tracer,Mercury,"1999, 1998, 1997, 1996, 1995, 1994, 1993, 1992"
1096,Tracker,Chevrolet,"2004, 2003, 2002, 2001, 2000, 1999, 1998"
1097,Tracker,Geo,"1997, 1996, 1995, 1994, 1993, 1992"
1098,Trailblazer,Chevrolet,"2022, 2021, 2009, 2008, 2007, 2006, 2005, 2004, 2003, 2002"
1099,Trans Sport,Pontiac,"1998, 1997, 1996, 1995, 1994, 1993, 1992"
1100,Transit 150 Cargo Van,Ford,"2022, 2021, 2020"
1101,Transit 150 Crew Van,Ford,"2022, 2021, 2020"
1102,Transit 150 Passenger Van,Ford,"2022, 2021, 2020"
1103,Transit 150 Van,Ford,"2019, 2018, 2017, 2016, 2015"
1104,Transit 150 Wagon,Ford,"2019, 2018, 2017, 2016, 2015"
1105,Transit 250 Cargo Van,Ford,"2022, 2021, 2020"
1106,Transit 250 Crew Van,Ford,"2022, 2021, 2020"
1107,Transit 250 Van,Ford,"2019, 2018, 2017, 2016, 2015"
1108,Transit 350 Cargo Van,Ford,"2022, 2021, 2020"
1109,Transit 350 Crew Van,Ford,"2022, 2021, 2020"
1110,Transit 350 HD Cargo Van,Ford,"2022, 2021, 2020"
1111,Transit 350 HD Crew Van,Ford,"2022, 2021, 2020"
1112,Transit 350 HD Van,Ford,"2019, 2018, 2017, 2016, 2015"
1113,Transit 350 Passenger Van,Ford,"2022, 2021, 2020"
1114,Transit 350 Van,Ford,"2019, 2018, 2017, 2016, 2015"
1115,Transit 350 Wagon,Ford,"2019, 2018, 2017, 2016, 2015"
1116,Transit Connect Cargo,Ford,"2019, 2018, 2017, 2016, 2015, 2014, 2013, 2012, 2011, 2010"
1117,Transit Connect Cargo Van,Ford,"2022, 2021, 2020"
1118,Transit Connect Passenger,Ford,"2019, 2018, 2017, 2016, 2015, 2014, 2013, 2012, 2011, 2010"
1119,Transit Connect Passenger Wagon,Ford,"2022, 2021, 2020"
1120,Traverse,Chevrolet,"2023, 2022, 2021, 2020, 2019, 2018, 2017, 2016, 2015, 2014, 2013, 2012, 2011, 2010, 2009"
1121,Trax,Chevrolet,"2022, 2021, 2020, 2019, 2018, 2017, 2016, 2015"
1122,Tribeca,Subaru,"2014, 2013, 2012, 2011, 2010, 2009, 2008"
1123,Tribute,MAZDA,"2011, 2010, 2009, 2008, 2006, 2005, 2004, 2003, 2002, 2001"
1124,Trooper,Isuzu,"2002, 2001, 2000, 1999, 1998, 1997, 1996, 1995, 1994, 1993, 1992"
1125,TSX,Acura,"2014, 2013, 2012, 2011, 2010, 2009, 2008, 2007, 2006, 2005, 2004"
1126,TT,Audi,"2022, 2021, 2020, 2019, 2018, 2017, 2016, 2015, 2014, 2013, 2012, 2011, 2010, 2009, 2008, 2006, 2005, 2004, 2003, 2002, 2001, 2000"
1127,Tucson,Hyundai,"2022, 2021, 2020, 2019, 2018, 2017, 2016, 2015, 2014, 2013, 2012, 2011, 2010, 2009, 2008, 2007, 2006, 2005"
1128,Tucson Hybrid,Hyundai,2022
1129,Tucson Plug-in Hybrid,Hyundai,2022
1130,Tundra Access Cab,Toyota,"2006, 2005, 2004, 2003, 2002, 2001, 2000"
1131,Tundra CrewMax,Toyota,"2022, 2021, 2020, 2019, 2018, 2017, 2016, 2015, 2014, 2013, 2012, 2011, 2010, 2009, 2008, 2007"
1132,Tundra Double Cab,Toyota,"2022, 2021, 2020, 2019, 2018, 2017, 2016, 2015, 2014, 2013, 2012, 2011, 2010, 2009, 2008, 2007, 2006, 2005, 2004"
1133,Tundra Hybrid CrewMax,Toyota,2022
1134,Tundra Regular Cab,Toyota,"2017, 2016, 2015, 2014, 2013, 2012, 2011, 2010, 2009, 2008, 2007, 2006, 2005, 2004, 2003, 2002, 2001, 2000"
1135,Uplander Cargo,Chevrolet,"2008, 2007, 2006, 2005"
1136,Uplander Passenger,Chevrolet,"2008, 2007, 2006, 2005"
1137,Urus,Lamborghini,"2022, 2021, 2020, 2019"
1138,UX,Lexus,"2022, 2021, 2020, 2019"
1139,V40,Volvo,"2004, 2003, 2002, 2001, 2000"
1140,V50,Volvo,"2011, 2010, 2009, 2008, 2007, 2006, 2005"
1141,V60,Volvo,"2022, 2021, 2020, 2019, 2018, 2017, 2016, 2015"
1142,V70,Volvo,"2010, 2009, 2008, 2007, 2006, 2005, 2004, 2003, 2002, 2001, 2000, 1999, 1998"
1143,V90,Volvo,"2022, 2021, 2020, 2019, 2018, 2017, 1998, 1997"
1144,Vandura 1500,GMC,"1994, 1993, 1992"
1145,Vandura 2500,GMC,"1994, 1993, 1992"
1146,Vandura 3500,GMC,"1994, 1993, 1992"
1147,Vandura G1500,GMC,1995
1148,Vandura G2500,GMC,1995
1149,Vandura G3500,GMC,"1996, 1995"
1150,Vanquish,Aston Martin,"2017, 2016, 2015, 2014"
1151,Vanquish S,Aston Martin,"2018, 2006, 2005"
1152,Vantage,Aston Martin,"2022, 2021, 2020, 2019, 2017, 2016, 2015, 2014, 2013, 2012, 2011, 2010, 2009, 2008, 2007, 2006"
1153,VehiCROSS,Isuzu,"2001, 2000, 1999"
1154,Veloster,Hyundai,"2022, 2021, 2020, 2019, 2017, 2016, 2015, 2014, 2013, 2012"
1155,Venture Cargo,Chevrolet,"2005, 2004, 2003, 2002, 2000, 1999, 1998"
1156,Venture Passenger,Chevrolet,"2005, 2004, 2003, 2002, 2001, 2000, 1999, 1998, 1997"
1157,Venue,Hyundai,"2022, 2021, 2020"
1158,Venza,Toyota,"2022, 2021, 2015, 2014, 2013, 2012, 2011, 2010, 2009"
1159,Veracruz,Hyundai,"2012, 2011, 2010, 2009, 2008, 2007"
1160,Verano,Buick,"2017, 2016, 2015, 2014, 2013, 2012"
1161,Verona,Suzuki,"2006, 2005, 2004"
1162,Versa,Nissan,"2022, 2021, 2020, 2019, 2018, 2017, 2016, 2015, 2014, 2013, 2012, 2011, 2010, 2009, 2008, 2007"
1163,Versa Note,Nissan,"2019, 2018, 2017, 2016"
1164,Vibe,Pontiac,"2010, 2009, 2008, 2007, 2006, 2005, 2004, 2003"
1165,Vigor,Acura,"1994, 1993, 1992"
1166,Villager,Mercury,"2002, 2001, 2000, 1999, 1998, 1997, 1996, 1995, 1994, 1993"
1167,Viper,Dodge,"2017, 2016, 2015, 2010, 2009, 2008, 2006, 2005, 2004, 2003, 2002, 2001, 2000, 1999, 1998, 1997, 1996, 1995, 1994, 1993, 1992"
1168,Viper,SRT,"2014, 2013"
1169,Virage,Aston Martin,2012
1170,Vision,Eagle,"1997, 1996, 1995, 1994, 1993"
1171,Vitara,Suzuki,"2004, 2003, 2002, 2001, 2000, 1999"
1172,Volt,Chevrolet,"2019, 2018, 2017, 2016, 2015, 2014, 2013, 2012, 2011"
1173,Voyager,Chrysler,"2023, 2022, 2021, 2020, 2003, 2002, 2001, 2000"
1174,Voyager,Plymouth,"2000, 1999, 1998, 1997, 1996, 1995, 1994, 1993, 1992"
1175,VUE,Saturn,"2010, 2009, 2008, 2007, 2006, 2005, 2004, 2003, 2002"
1176,Wagoneer,Jeep,2022
1177,Windstar Cargo,Ford,"2003, 2002, 2001, 2000, 1999, 1998, 1997, 1996, 1995"
1178,Windstar Passenger,Ford,"2003, 2002, 2001, 2000, 1999, 1998, 1997, 1996, 1995"
1179,Wraith,Rolls-Royce,"2021, 2020, 2019, 2018, 2017, 2016, 2015, 2014"
1180,Wrangler,Jeep,"2022, 2021, 2020, 2019, 2018, 2017, 2016, 2015, 2014, 2013, 2012, 2011, 2010, 2009, 2008, 2007, 2006, 2005, 2004, 2003, 2002, 2001, 2000, 1999, 1998, 1997, 1995, 1994, 1993, 1992"
1181,Wrangler Unlimited,Jeep,"2022, 2021, 2020, 2019, 2018, 2017"
1182,Wrangler Unlimited 4xe,Jeep,"2022, 2021"
1183,WRX,Subaru,"2022, 2021, 2020, 2019, 2018, 2017, 2016, 2015"
1184,X-90,Suzuki,"1998, 1997, 1996"
1185,X-Type,Jaguar,"2008, 2007, 2006, 2005, 2004, 2003, 2002"
1186,X1,BMW,"2022, 2021, 2020, 2019, 2018, 2017, 2016, 2015, 2014, 2013"
1187,X2,BMW,"2022, 2021, 2020, 2019, 2018"
1188,X3,BMW,"2022, 2021, 2020, 2019, 2018, 2017, 2016, 2015, 2014, 2013, 2012, 2011, 2010, 2009, 2008, 2007, 2006, 2005, 2004"
1189,X3 M,BMW,"2022, 2021, 2020"
1190,X4,BMW,"2022, 2021, 2020, 2019, 2018, 2017, 2016, 2015"
1191,X4 M,BMW,"2022, 2021, 2020"
1192,X5,BMW,"2022, 2021, 2020, 2019, 2018, 2017, 2016, 2015, 2014, 2013, 2012, 2011, 2010, 2009, 2008, 2007, 2006, 2005, 2004, 2003, 2002, 2001, 2000"
1193,X5 M,BMW,"2022, 2021, 2020, 2018, 2017, 2016, 2015, 2013, 2012, 2011, 2010"
1194,X6,BMW,"2022, 2021, 2020, 2019, 2018, 2017, 2016, 2015, 2014, 2013, 2012, 2011, 2010, 2009, 2008"
1195,X6 M,BMW,"2022, 2021, 2020, 2019, 2018, 2017, 2016, 2015, 2014, 2013, 2012, 2011, 2010"
1196,X7,BMW,"2023, 2022, 2021, 2020, 2019"
1197,xA,Scion,"2006, 2005, 2004"
1198,xB,Scion,"2015, 2014, 2013, 2012, 2011, 2010, 2009, 2008, 2006, 2005, 2004"
1199,XC40,Volvo,"2022, 2021, 2020, 2019"
1200,XC40 Recharge,Volvo,"2022, 2021"
1201,XC60,Volvo,"2022, 2021, 2020, 2019, 2018, 2017, 2016, 2015, 2014, 2013, 2012, 2011, 2010"
1202,XC70,Volvo,"2016, 2015, 2014, 2013, 2012, 2011, 2010, 2009, 2008, 2007, 2006, 2005, 2004, 2003"
1203,XC90,Volvo,"2022, 2021, 2020, 2019, 2018, 2017, 2016, 2014, 2013, 2012, 2011, 2010, 2009, 2008, 2007, 2006, 2005, 2004, 2003"
1204,xD,Scion,"2014, 2013, 2012, 2011, 2010, 2009, 2008"
1205,XE,Jaguar,"2020, 2019, 2018, 2017"
1206,XF,Jaguar,"2022, 2021, 2020, 2019, 2018, 2017, 2016, 2015, 2014, 2013, 2012, 2011, 2010, 2009"
1207,XG300,Hyundai,2001
1208,XG350,Hyundai,"2005, 2004, 2003, 2002"
1209,XJ,Jaguar,"2019, 2018, 2017, 2016, 2015, 2014, 2013, 2012, 2011, 2009, 2008, 2007, 2006, 2005, 2004, 2003, 2002, 2001, 2000, 1999, 1998, 1997, 1996, 1995, 1994, 1993, 1992"
1210,XK,Jaguar,"2015, 2014, 2013, 2012, 2011, 2010, 2009, 2008, 2007, 2006, 2005, 2004, 2003, 2002, 2001, 2000, 1999, 1998, 1997"
1211,XL-7,Suzuki,"2006, 2005, 2004, 2003, 2002, 2001"
1212,XL7,Suzuki,"2009, 2008, 2007"
1213,XLR,Cadillac,"2009, 2008, 2007, 2006, 2005, 2004"
1214,XT4,Cadillac,"2022, 2021, 2020, 2019"
1215,XT5,Cadillac,"2022, 2021, 2020, 2019, 2018, 2017"
1216,XT6,Cadillac,"2022, 2021, 2020"
1217,Xterra,Nissan,"2015, 2014, 2013, 2012, 2011, 2010, 2009, 2008, 2007, 2006, 2005, 2004, 2003, 2002, 2001, 2000"
1218,Xtra Cab,Toyota,"1995, 1994, 1993, 1992"
1219,XTS,Cadillac,"2019, 2018, 2017, 2016, 2015, 2014, 2013"
1220,XV Crosstrek,Subaru,"2015, 2014, 2013"
1221,Yaris,Toyota,"2020, 2019, 2018, 2017, 2016, 2015, 2014, 2013, 2012, 2011, 2010, 2009, 2008, 2007"
1222,Yaris Hatchback,Toyota,2020
1223,Yaris iA,Toyota,"2018, 2017"
1224,Yukon,GMC,"2023, 2022, 2021, 2020, 2019, 2018, 2017, 2016, 2015, 2014, 2013, 2012, 2011, 2010, 2009, 2008, 2007, 2006, 2005, 2004, 2003, 2002, 2001, 2000, 1999, 1998, 1997, 1996, 1995, 1994, 1993, 1992"
1225,Yukon Denali,GMC,2000
1226,Yukon XL,GMC,"2023, 2022, 2021, 2020, 2019, 2018, 2017, 2016, 2015"
1227,Yukon XL 1500,GMC,"2014, 2013, 2012, 2011, 2010, 2009, 2008, 2007, 2006, 2005, 2004, 2003, 2002, 2001, 2000"
1228,Yukon XL 2500,GMC,"2013, 2012, 2011, 2010, 2009, 2008, 2007, 2006, 2005, 2004, 2003, 2002, 2001, 2000"
1229,Z3,BMW,"2002, 2001, 2000, 1999, 1998, 1997, 1996"
1230,Z4,BMW,"2022, 2021, 2020, 2019, 2016, 2015, 2014, 2013, 2012, 2011, 2010, 2009, 2008, 2007, 2006, 2005, 2004, 2003"
1231,Z4 M,BMW,"2008, 2007, 2006"
1232,Z8,BMW,"2003, 2002, 2001, 2000"
1233,ZDX,Acura,"2013, 2012, 2011, 2010"
1234,Zephyr,Lincoln,2006
1235,ZX2,Ford,"2003, 2002, 2001"
1236,1,Polestar,"2021, 2020"
1237,1 Series,BMW,"2013, 2012, 2011, 2010, 2009, 2008"
1238,100,Audi,"1994, 1993, 1992"
1239,124 Spider,FIAT,"2020, 2019, 2018, 2017"
1240,1500 Classic Crew Cab,Ram,"2022, 2021, 2020, 2019"
1241,1500 Classic Quad Cab,Ram,"2022, 2021, 2020, 2019"
1242,1500 Classic Regular Cab,Ram,"2022, 2021, 2020, 2019"
1243,1500 Club Coupe,GMC,"1999, 1998, 1997, 1996, 1995, 1994, 1993, 1992"
1244,1500 Crew Cab,Ram,"2022, 2021, 2020, 2019, 2018, 2017, 2016, 2015, 2014, 2013, 2012, 2011"
1245,1500 Extended Cab,Chevrolet,"1999, 1998, 1997, 1996, 1995, 1994, 1993, 1992"
1246,1500 Quad Cab,Ram,"2022, 2021, 2020, 2019, 2018, 2017, 2016, 2015, 2014, 2013, 2012, 2011"
1247,1500 Regular Cab,Chevrolet,"1998, 1997, 1996, 1995, 1994, 1993, 1992"
1248,1500 Regular Cab,GMC,"1998, 1997, 1996, 1995, 1994, 1993, 1992"
1249,1500 Regular Cab,Ram,"2018, 2017, 2016, 2015, 2014, 2013, 2012, 2011"
1250,164,Alfa Romeo,"1995, 1994, 1993, 1992"
1251,190 E,Mercedes-Benz,"1993, 1992"
1252,2,Polestar,"2022, 2021"
1253,2 Series,BMW,"2022, 2021, 2020, 2019, 2018, 2017, 2016, 2015, 2014"
1254,200,Chrysler,"2017, 2016, 2015, 2014, 2013, 2012, 2011"
1255,200SX,Nissan,"1998, 1997, 1996, 1995"
1256,240,Volvo,"1993, 1992"
1257,240SX,Nissan,"1998, 1997, 1996, 1995, 1994, 1993, 1992"
1258,2500 Club Coupe,GMC,"1998, 1997, 1996, 1995, 1994, 1993, 1992"
1259,2500 Crew Cab,Chevrolet,"2000, 1999"
1260,2500 Crew Cab,GMC,1999
1261,2500 Crew Cab,Ram,"2022, 2021, 2020, 2019, 2018, 2017, 2016, 2015, 2014, 2013, 2012, 2011"
1262,2500 Extended Cab,Chevrolet,"1998, 1997, 1996, 1995, 1994, 1993, 1992"
1263,2500 HD Club Coupe,GMC,"1998, 1997"
1264,2500 HD Extended Cab,Chevrolet,"2000, 1999, 1998, 1997, 1996"
1265,2500 HD Extended Cab,GMC,1999
1266,2500 HD Regular Cab,Chevrolet,"2000, 1999"
1267,2500 HD Regular Cab,GMC,1999
1268,2500 Mega Cab,Ram,"2022, 2021, 2020, 2019, 2018, 2017, 2016, 2015, 2014, 2013, 2012, 2011"
1269,2500 Regular Cab,Chevrolet,"1998, 1997, 1996, 1995, 1994, 1993, 1992"
1270,2500 Regular Cab,GMC,"1998, 1997, 1996, 1995, 1994, 1993, 1992"
1271,2500 Regular Cab,Ram,"2022, 2021, 2020, 2019, 2018, 2017, 2016, 2015, 2014, 2013, 2012, 2011"
1272,3 Series,BMW,"2022, 2021, 2020, 2019, 2018, 2017, 2016, 2015, 2014, 2013, 2012, 2011, 2010, 2009, 2008, 2007, 2006, 2005, 2004, 2003, 2002, 2001, 2000, 1999, 1998, 1997, 1996, 1995, 1994, 1993, 1992"
1273,300,Chrysler,"2022, 2021, 2020, 2019, 2018, 2017, 2016, 2015, 2014, 2013, 2012, 2011, 2010, 2009, 2008, 2007, 2006, 2005, 1999"
1274,300 CE,Mercedes-Benz,"1993, 1992"
1275,300 D,Mercedes-Benz,"1993, 1992"
1276,300 E,Mercedes-Benz,"1993, 1992"
1277,300 SD,Mercedes-Benz,"1993, 1992"
1278,300 SE,Mercedes-Benz,"1993, 1992"
1279,300 SL,Mercedes-Benz,"1993, 1992"
1280,300 TE,Mercedes-Benz,"1993, 1992"
1281,3000GT,Mitsubishi,"1999, 1998, 1997, 1996, 1995, 1994, 1993, 1992"
1282,300M,Chrysler,"2004, 2003, 2002, 2001, 2000"
1283,300ZX,Nissan,"1996, 1995, 1994, 1993, 1992"
1284,323,MAZDA,"1994, 1993, 1992"
1285,3500 Club Coupe,GMC,"1998, 1997, 1996, 1995, 1994, 1993, 1992"
1286,3500 Crew Cab,Chevrolet,"2000, 1999, 1998, 1997, 1996, 1995, 1994, 1993, 1992"
1287,3500 Crew Cab,GMC,"1999, 1998, 1997, 1996, 1995, 1994, 1993, 1992"
1288,3500 Crew Cab,Ram,"2022, 2021, 2020, 2019, 2018, 2017, 2016, 2015, 2014, 2013, 2012, 2011"
1289,3500 Extended Cab,Chevrolet,"2000, 1999, 1998, 1997, 1996, 1994, 1993, 1992"
1290,3500 Extended Cab,GMC,1999
1291,3500 HD Extended Cab,Chevrolet,1995
1292,3500 HD Regular Cab,Chevrolet,1995
1293,3500 Mega Cab,Ram,"2022, 2021, 2020, 2019, 2018, 2017, 2016, 2015, 2014, 2013, 2012, 2011"
1294,3500 Regular Cab,Chevrolet,"2000, 1999, 1998, 1997, 1996, 1994, 1993, 1992"
1295,3500 Regular Cab,GMC,"1999, 1998, 1997, 1996, 1995, 1994, 1993, 1992"
1296,3500 Regular Cab,Ram,"2022, 2021, 2020, 2019, 2018, 2017, 2016, 2015, 2014, 2013, 2012, 2011"
1297,350Z,Nissan,"2009, 2008, 2007, 2006, 2005, 2004, 2003"
1298,370Z,Nissan,"2020, 2019, 2018, 2017, 2016, 2015, 2014, 2013, 2012, 2011, 2010, 2009"
1299,4 Series,BMW,"2022, 2021, 2020, 2019, 2018, 2017, 2016, 2015, 2014"
1300,400 E,Mercedes-Benz,"1993, 1992"
1301,400 SE,Mercedes-Benz,1992
1302,400 SEL,Mercedes-Benz,1993
1303,430 Scuderia,Ferrari,"2009, 2008"
1304,458 Italia,Ferrari,"2015, 2014, 2013, 2012, 2011, 2010"
1305,458 Speciale,Ferrari,"2015, 2014"
1306,458 Spider,Ferrari,"2015, 2014, 2013"
1307,488 GTB,Ferrari,"2019, 2018, 2017, 2016"
1308,488 Pista,Ferrari,"2021, 2020"
1309,488 Spider,Ferrari,"2019, 2018, 2017, 2016"
1310,4C,Alfa Romeo,"2018, 2017, 2016, 2015"
1311,4C Spider,Alfa Romeo,"2020, 2019, 2018, 2016, 2015"
1312,4Runner,Toyota,"2022, 2021, 2020, 2019, 2018, 2017, 2016, 2015, 2014, 2013, 2012, 2011, 2010, 2009, 2008, 2007, 2006, 2005, 2004, 2003, 2002, 2001, 2000, 1999, 1998, 1997, 1996, 1995, 1994, 1993, 1992"
1313,5 Series,BMW,"2022, 2021, 2020, 2019, 2018, 2017, 2016, 2015, 2014, 2013, 2012, 2011, 2010, 2009, 2008, 2007, 2006, 2005, 2004, 2003, 2002, 2001, 2000, 1999, 1998, 1997, 1995, 1994, 1993, 1992"
1314,500,FIAT,"2019, 2018, 2017, 2016, 2015, 2014, 2013, 2012"
1315,500 Abarth,FIAT,"2019, 2018, 2017, 2016, 2015, 2014"
1316,500 E,Mercedes-Benz,"1993, 1992"
1317,500 SEC,Mercedes-Benz,1993
1318,500 SEL,Mercedes-Benz,"1993, 1992"
1319,500 SL,Mercedes-Benz,"1993, 1992"
1320,500c,FIAT,"2019, 2018, 2017, 2016, 2015, 2014"
1321,500c Abarth,FIAT,"2019, 2018, 2017"
1322,500e,FIAT,"2019, 2018, 2017, 2016, 2015, 2014, 2013"
1323,500L,FIAT,"2020, 2019, 2018, 2017, 2016, 2015, 2014"
1324,500X,FIAT,"2022, 2021, 2020, 2019, 2018, 2017, 2016"
1325,57,Maybach,"2012, 2011, 2010, 2009, 2008, 2007, 2006, 2005"
1326,570GT,McLaren,"2019, 2018, 2017"
1327,570S,McLaren,"2020, 2019, 2018, 2017, 2016"
1328,599 GTB Fiorano,Ferrari,"2011, 2010, 2009, 2008, 2007"
1329,599 GTO,Ferrari,2011
1330,6 Series,BMW,"2019, 2018, 2017, 2016, 2015, 2014, 2013, 2012, 2010, 2009, 2008, 2007, 2006, 2005, 2004"
1331,600 SEC,Mercedes-Benz,1993
1332,600 SEL,Mercedes-Benz,"1993, 1992"
1333,600 SL,Mercedes-Benz,1993
1334,600LT,McLaren,"2020, 2019"
1335,612 Scaglietti,Ferrari,"2011, 2010, 2009, 2008, 2007, 2006"
1336,62,Maybach,"2012, 2011, 2010, 2009, 2008, 2007, 2006, 2005"
1337,626,MAZDA,"2002, 2001, 2000, 1999, 1998, 1997, 1996, 1995, 1994, 1993, 1992"
1338,650S,McLaren,"2016, 2015"
1339,675LT,McLaren,2016
1340,7 Series,BMW,"2023, 2022, 2021, 2020, 2019, 2018, 2017, 2016, 2015, 2014, 2013, 2012, 2011, 2010, 2009, 2008, 2007, 2006, 2005, 2004, 2003, 2002, 2001, 2000, 1999, 1998, 1997, 1996, 1995, 1994, 1993, 1992"
1341,718 Boxster,Porsche,"2022, 2021, 2020, 2019, 2018, 2017"
1342,718 Cayman,Porsche,"2022, 2021, 2020, 2019, 2018, 2017"
1343,718 Spyder,Porsche,"2022, 2021, 2020"
1344,720S,McLaren,"2020, 2019, 2018"
1345,740,Volvo,1992
1346,8 Series,BMW,"2022, 2021, 2020, 2019, 1997, 1996, 1995, 1994, 1993, 1992"
1347,80,Audi,1992
1348,812 GTS,Ferrari,"2022, 2021"
1349,812 Superfast,Ferrari,"2021, 2020, 2019, 2018"
1350,850,Volvo,"1997, 1996, 1995, 1994, 1993"
1351,86,Toyota,"2020, 2019, 2018, 2017"
1352,88,Oldsmobile,"1999, 1998, 1997, 1996, 1995, 1994, 1993, 1992"
1353,9-2X,Saab,"2006, 2005"
1354,9-3,Saab,"2011, 2010, 2009, 2008, 2007, 2006, 2005, 2004, 2003, 2002, 2001, 2000, 1999"
1355,9-4X,Saab,2011
1356,9-5,Saab,"2011, 2010, 2009, 2008, 2007, 2006, 2005, 2004, 2003, 2002, 2001, 2000, 1999"
1357,9-7X,Saab,"2009, 2008, 2007, 2006, 2005"
1358,90,Audi,"1995, 1994, 1993"
1359,900,Saab,"1998, 1997, 1996, 1995, 1994, 1993, 1992"
1360,9000,Saab,"1998, 1997, 1996, 1995, 1994, 1993, 1992"
1361,911,Porsche,"2022, 2021, 2020, 2019, 2018, 2017, 2016, 2015, 2014, 2013, 2012, 2011, 2010, 2009, 2008, 2007, 2006, 2005, 2004, 2003, 2002, 2001, 2000, 1999, 1998, 1997, 1996, 1995, 1994, 1993, 1992"
1362,918 Spyder,Porsche,2015
1363,928,Porsche,"1995, 1994, 1993"
1364,929,MAZDA,"1995, 1994, 1993, 1992"
1365,940,Volvo,"1995, 1994, 1993, 1992"
1366,960,Volvo,"1997, 1996, 1995, 1994, 1993, 1992"
1367,968,Porsche,"1995, 1994, 1993, 1992"
1368,98,Oldsmobile,"1996, 1995, 1994, 1993, 1992"
